Condition,Trait,Trait_abbrev,n,R2_SMA,Spearman,NMI_obs,NMI_perm_media,NMI_corrigida,Z_MI,p_MI,Year,Location,Treatment,Nitrogen,Fungicide,Water,p_MI_FDR_dentro_trait,z_R2,z_NMI,MI_advantage
2015__GGE__HN_NF_RF,Harvest_Index,HI,220,0.5989163383841233,0.7403999706981174,0.2424440010592356,0.032111958216195155,0.21033204284304047,21.851598271985228,0.005,2015,GGE,HN_NF_RF,HN,NF,RF,0.005,0.7291291153173026,0.6807845458127955,-0.04834456950450716
2015__GGE__HN_NF_RF,Straw,Straw,220,0.049161447023065,0.16237863667356014,0.044782337903500544,0.034500466182705705,0.010281871720794838,1.130970758438152,0.12,2015,GGE,HN_NF_RF,HN,NF,RF,0.1588235294117647,-0.8327091629566762,-0.9921332410354378,-0.15942407807876158
2015__GGE__HN_NF_RF,Biomass,SDM,220,0.6554815329508211,0.7849591182387315,0.27277785925939035,0.034126233829494715,0.23865162542989565,26.34271536360339,0.005,2015,GGE,HN_NF_RF,HN,NF,RF,0.005,0.16947512763767622,-0.023299196429742968,-0.19277432406741918
2015__GGE__HN_NF_RF,Grain,GN,220,0.6759646834838173,0.8083735764638262,0.2814965519819452,0.033725613890057696,0.2477709380918875,24.69589290037319,0.005,2015,GGE,HN_NF_RF,HN,NF,RF,0.005,-0.12411644815331178,-0.17763110379500752,-0.05351465564169573
2015__GGE__HN_NF_RF,Crude_protein,GP,220,0.06182058819867918,-0.30955410423581253,0.09288929160210749,0.032903307752009246,0.05998598385009824,6.054687557699694,0.005,2015,GGE,HN_NF_RF,HN,NF,RF,0.005921052631578947,-1.306092038485459,-0.6751968182398919,0.6308952202455672
2015__GGE__HN_NF_RF,Grain_per_spike,GpS,220,0.3732432675066835,0.5773834545792644,0.13063589740164303,0.0324860057645883,0.09814989163705473,9.869951774094627,0.005,2015,GGE,HN_NF_RF,HN,NF,RF,0.006999999999999999,1.4320384759293336,1.1472990874248805,-0.28473938850445313
2015__GGE__HN_NF_RF,Spike_number,SN,220,0.010209097204586518,0.14235079988504645,0.03890067595292159,0.03219921041240172,0.006701465540519869,0.8141331841444319,0.195,2015,GGE,HN_NF_RF,HN,NF,RF,0.36562500000000003,-0.4592054654632673,-0.37724747438682593,0.08195799107644136
2015__GGE__HN_NF_RF,TGW,TGW,220,0.19588901584400695,0.279727041693198,0.04161328443663837,0.033213862664480995,0.008399421772157377,0.9058262352994322,0.155,2015,GGE,HN_NF_RF,HN,NF,RF,0.2034375,0.18218936536593264,-0.6924834615743307,-0.8746728269402634
2015__GGE__HN_WF_RF,Harvest_Index,HI,220,0.5241642466376074,0.6874097699238715,0.19882939440166256,0.0327178106953875,0.16611158370627505,18.46045004847929,0.005,2015,GGE,HN_WF_RF,HN,WF,RF,0.005,0.24465884727927925,-0.06637462887778212,-0.31103347615706134
2015__GGE__HN_WF_RF,Straw,Straw,220,0.021739140149304174,0.08510393715873169,0.05577524522723151,0.033670519216367364,0.022104726010864148,2.3492427201277604,0.015,2015,GGE,HN_WF_RF,HN,WF,RF,0.021774193548387097,-1.0012776756730122,-0.7246013842973806,0.27667629137563154
2015__GGE__HN_WF_RF,Biomass,SDM,220,0.6166497698954325,0.7844970500893145,0.2898802383126498,0.032572019191944114,0.2573082191207057,28.684216611686224,0.005,2015,GGE,HN_WF_RF,HN,WF,RF,0.005,-0.018749835734903155,0.16046466644777224,0.1792145021826754
2015__GGE__HN_WF_RF,Grain,GN,220,0.728303945355992,0.8226334503530314,0.2922987470278959,0.032831455030163735,0.25946729199773216,28.434849285934355,0.005,2015,GGE,HN_WF_RF,HN,WF,RF,0.005,0.39621785787766034,0.01636729996916391,-0.3798505579084964
2015__GGE__HN_WF_RF,Crude_protein,GP,220,0.49081273542471326,-0.6747603725847078,0.1904095234835595,0.033397197298607205,0.15701232618495228,17.112737745104482,0.005,2015,GGE,HN_WF_RF,HN,WF,RF,0.005921052631578947,0.9792224978868121,0.9108619074800268,-0.06836059040678533
2015__GGE__HN_WF_RF,Grain_per_spike,GpS,220,0.2964539873460233,0.5287851552154534,0.12260472940973251,0.03304324400333763,0.08956148540639489,9.20940744022712,0.005,2015,GGE,HN_WF_RF,HN,WF,RF,0.006999999999999999,0.8111672609702071,0.9170103709285747,0.10584310995836765
2015__GGE__HN_WF_RF,Spike_number,SN,220,0.027283243144640583,0.18598468413134006,0.03778169965766878,0.03210555985848229,0.0056761397991864915,0.5833692913691794,0.245,2015,GGE,HN_WF_RF,HN,WF,RF,0.4083333333333333,-0.21770484357024186,-0.4231018166162572,-0.2053969730460153
2015__GGE__HN_WF_RF,TGW,TGW,220,0.011338457533947481,0.11317175974710222,0.03711491785863661,0.03346628845811902,0.0036486294005175918,0.36540779517449506,0.325,2015,GGE,HN_WF_RF,HN,WF,RF,0.3689189189189189,-1.0381584232853451,-0.7966262425126909,0.24153218077265426
2015__GGE__LN_NF_RF,Harvest_Index,HI,220,0.6185755707410734,0.7588556487831266,0.2746499270868482,0.03337379340069817,0.24127613368615003,23.973784906966515,0.005,2015,GGE,LN_NF_RF,LN,NF,RF,0.005,0.8565411160635871,1.2036231102967545,0.34708199423316743
2015__GGE__LN_NF_RF,Straw,Straw,220,0.0415077522386127,0.15667040453502984,0.03888573341284188,0.032262091737243044,0.006623641675598833,0.8024287634343275,0.2,2015,GGE,LN_NF_RF,LN,NF,RF,0.230625,-0.8797574274422002,-1.0749130040566477,-0.1951555766144475
2015__GGE__LN_NF_RF,Biomass,SDM,220,0.6756692352359064,0.7696725514614314,0.24405847812428286,0.032542076241164855,0.211516401883118,22.22982554634273,0.005,2015,GGE,LN_NF_RF,LN,NF,RF,0.005,0.2673287717734507,-0.29057593416869265,-0.5579047059421434
2015__GGE__LN_NF_RF,Grain,GN,220,0.7177890492840361,0.8578745992122302,0.3613231280707233,0.031079313298172283,0.33024381477255105,36.655962823400905,0.005,2015,GGE,LN_NF_RF,LN,NF,RF,0.005,0.2916833085760075,1.1902829110069113,0.8985996024309038
2015__GGE__LN_NF_RF,Crude_protein,GP,220,0.4997952495886717,-0.6939531057178115,0.20747870444769898,0.03269164672380147,0.17478705772389752,17.239370404423294,0.005,2015,GGE,LN_NF_RF,LN,NF,RF,0.005921052631578947,1.0270738870667824,1.2014197846117718,0.17434589754498941
2015__GGE__LN_NF_RF,Grain_per_spike,GpS,220,0.38785828434051195,0.6209959259113167,0.17025336107333794,0.0326996576171423,0.13755370345619564,14.33659691067942,0.005,2015,GGE,LN_NF_RF,LN,NF,RF,0.006999999999999999,1.5502065749046365,2.203869189628203,0.6536626147235665
2015__GGE__LN_NF_RF,Spike_number,SN,220,0.02087426867657278,0.2317058361690528,0.04888083349128349,0.03284241586930457,0.01603841762197892,1.679575450697414,0.075,2015,GGE,LN_NF_RF,LN,NF,RF,0.2109375,-0.30835484300031557,0.040317187128696266,0.3486720301290118
2015__GGE__LN_NF_RF,TGW,TGW,220,0.12255970953790478,0.23210922840254025,0.04657049572741206,0.033251158324042844,0.013319337403369214,1.2881764056015583,0.1,2015,GGE,LN_NF_RF,LN,NF,RF,0.15000000000000002,-0.3027035421030242,-0.5846333061191771,-0.2819297640161529
2015__HAN__HN_NF_RF,Harvest_Index,HI,220,0.7576534803063052,0.8491640510979754,0.31803210593906384,0.03380772985627174,0.2842243760827921,29.994650338164046,0.005,2015,HAN,HN_NF_RF,HN,NF,RF,0.005,1.7579086972373448,1.9292866146995535,0.17137791746220876
2015__HAN__HN_NF_RF,Straw,Straw,220,0.5288244766476821,0.6459645109121338,0.20192710902008518,0.03203679332191615,0.16989031569816904,17.14113314287839,0.005,2015,HAN,HN_NF_RF,HN,NF,RF,0.008333333333333333,2.1158423167221208,2.619544812394143,0.5037024956720222
2015__HAN__HN_NF_RF,Biomass,SDM,220,0.8850159892981667,0.9224593295503852,0.49990603042459386,0.03235914567016256,0.4675468847544313,49.44175245221926,0.005,2015,HAN,HN_NF_RF,HN,NF,RF,0.005,1.2820724252957516,2.2312751243127806,0.949202699017029
2015__HAN__HN_NF_RF,Grain,GN,220,0.8534333829965685,0.8981027030986741,0.3878565076384094,0.033522534139798894,0.3543339734986105,38.81015282652121,0.005,2015,HAN,HN_NF_RF,HN,NF,RF,0.005,1.6402006113556844,1.5898477990824795,-0.05035281227320487
2015__HAN__HN_NF_RF,Crude_protein,GP,220,0.18168557904180493,-0.39812017152871304,0.06926309996086369,0.03270954155589369,0.03655355840497,4.133968886802176,0.005,2015,HAN,HN_NF_RF,HN,NF,RF,0.005921052631578947,-0.6675507324330843,-1.0582392162905554,-0.3906884838574711
2015__HAN__HN_NF_RF,Grain_per_spike,GpS,220,0.4520433689645842,0.6291711511695396,0.16157442683474052,0.032225067454818505,0.129349359379922,14.174388722328732,0.005,2015,HAN,HN_NF_RF,HN,NF,RF,0.006999999999999999,2.0691679636482947,1.9838786795992003,-0.08528928404909442
2015__HAN__HN_NF_RF,Spike_number,SN,220,0.020850612943486127,0.08019812580650615,0.06040649071517095,0.03288360901475506,0.02752288170041589,2.802658249790147,0.01,2015,HAN,HN_NF_RF,HN,NF,RF,0.05,-0.30868943509480856,0.5539223029911237,0.8626117380859322
2015__HAN__HN_NF_RF,TGW,TGW,220,0.4746929467251264,0.573431081408519,0.14407409110238623,0.03263902686755618,0.11143506423483004,11.282100914000361,0.005,2015,HAN,HN_NF_RF,HN,NF,RF,0.013999999999999999,2.0257912684630317,1.5661752004815768,-0.45961606798145493
2015__HAN__HN_WF_RF,Harvest_Index,HI,220,0.5112096906875254,0.7025825101570469,0.18656440524958906,0.03436967725332494,0.15219472799626413,15.390474714351686,0.005,2015,HAN,HN_WF_RF,HN,WF,RF,0.005,0.16070003025069335,-0.3015170636141618,-0.46221709386485516
2015__HAN__HN_WF_RF,Straw,Straw,220,0.17351839981708275,0.2903219262606853,0.07460556392390766,0.03389607611725312,0.04070948780665454,4.061808817155433,0.005,2015,HAN,HN_WF_RF,HN,WF,RF,0.008333333333333333,-0.06827068318452337,-0.30360605226678566,-0.2353353690822623
2015__HAN__HN_WF_RF,Biomass,SDM,220,0.7099666080234546,0.7879794661422381,0.2720844265020316,0.0323881469317389,0.23969627957029266,27.18604265689187,0.005,2015,HAN,HN_WF_RF,HN,WF,RF,0.005,0.4335746805029572,-0.013009553883424053,-0.4465842343863813
2015__HAN__HN_WF_RF,Grain,GN,220,0.6584275373401428,0.7766249866169286,0.2545025789158928,0.032783178122338504,0.2217194007935543,24.499878190211938,0.005,2015,HAN,HN_WF_RF,HN,WF,RF,0.005,-0.2984631707096702,-0.6097278659282013,-0.31126469521853106
2015__HAN__HN_WF_RF,Crude_protein,GP,220,0.2681076633158284,-0.5297926891802798,0.10942095311473812,0.0340617138382046,0.07535923927653351,8.180633365857279,0.005,2015,HAN,HN_WF_RF,HN,WF,RF,0.005921052631578947,-0.20716550922536764,-0.42389510650815043,-0.2167295972827828
2015__HAN__HN_WF_RF,Grain_per_spike,GpS,220,0.16171894775655057,0.40808393862382586,0.07749600438275758,0.033525120618912836,0.04397088376384475,4.439909592661162,0.005,2015,HAN,HN_WF_RF,HN,WF,RF,0.006999999999999999,-0.2782179703076623,-0.30545173142014087,-0.02723376111247855
2015__HAN__HN_WF_RF,Spike_number,SN,220,0.01555204793627331,0.08730383234815145,0.04510829976802531,0.03260745570749129,0.01250084406053402,1.354583760354186,0.125,2015,HAN,HN_WF_RF,HN,WF,RF,0.31071428571428567,-0.3836335493641321,-0.11788922690059893,0.26574432246353313
2015__HAN__HN_WF_RF,TGW,TGW,220,0.16782676545594866,0.36666572750376136,0.07752900523312649,0.033987502462289286,0.0435415027708372,4.363410588753034,0.005,2015,HAN,HN_WF_RF,HN,WF,RF,0.013999999999999999,-0.0033733634561060374,0.07787098814042494,0.08124435159653097
2015__HAN__LN_NF_RF,Harvest_Index,HI,220,0.7145211420591104,0.8190676366341153,0.3157518110316193,0.03233610458106215,0.28341570645055714,31.369698101692283,0.005,2015,HAN,LN_NF_RF,LN,NF,RF,0.005,1.4783668813028215,1.915623144287604,0.4372562629847825
2015__HAN__LN_NF_RF,Straw,Straw,220,0.38443126437901226,0.517751869403763,0.13794696895902142,0.033172846323189335,0.10477412263583208,11.388816408038277,0.005,2015,HAN,LN_NF_RF,LN,NF,RF,0.008333333333333333,1.2282383251792406,1.1460718585480143,-0.08216646663122629
2015__HAN__LN_NF_RF,Biomass,SDM,220,0.8482928783649626,0.8881975397688533,0.39627965520443903,0.03244312069435939,0.36383653451007963,36.72203980842125,0.005,2015,HAN,LN_NF_RF,LN,NF,RF,0.005,1.1040685010219522,1.2097481029750148,0.10567960195306259
2015__HAN__LN_NF_RF,Grain,GN,220,0.8093229301142901,0.8842406586161623,0.36988798178047605,0.03304287824873985,0.3368451035317362,35.42991015460492,0.005,2015,HAN,LN_NF_RF,LN,NF,RF,0.005,1.2016735655355302,1.2997733977327233,0.0980998321971931
2015__HAN__LN_NF_RF,Crude_protein,GP,220,0.6509275126290937,-0.7722973239492176,0.27502661816068846,0.03353989615477732,0.24148672200591115,23.904209305962592,0.005,2015,HAN,LN_NF_RF,LN,NF,RF,0.005921052631578947,1.8321812995787703,2.2917379599788226,0.4595566604000523
2015__HAN__LN_NF_RF,Grain_per_spike,GpS,220,0.43799249508489735,0.668285783515437,0.17436063373471186,0.033098335977838025,0.14126229775687382,14.993668872358494,0.005,2015,HAN,LN_NF_RF,LN,NF,RF,0.006999999999999999,1.9555611800104415,2.3033110882263177,0.34774990821587615
2015__HAN__LN_NF_RF,Spike_number,SN,220,0.0035597850564140104,0.026709808078199736,0.04840426757823579,0.03323607914379592,0.015168188434439872,1.5093121471604787,0.07,2015,HAN,LN_NF_RF,LN,NF,RF,0.21000000000000002,-0.5532548559617665,0.0013990312931051608,0.5546538872548716
2015__HAN__LN_NF_RF,TGW,TGW,220,0.48565292251787584,0.5253895178149812,0.12292182825021512,0.03336680099854302,0.08955502725167211,9.13656768402063,0.005,2015,HAN,LN_NF_RF,LN,NF,RF,0.013999999999999999,2.098264537277978,1.0865398638453563,-1.0117246734326217
2015__KAL__HN_NF_RF,Harvest_Index,HI,217,0.6628546798600726,0.8232570921236205,0.3037035475417495,0.033994661843750176,0.26970888569799933,25.75464791249674,0.005,2015,KAL,HN_NF_RF,HN,NF,RF,0.005,1.1435151841085298,1.6840295091008057,0.5405143249922759
2015__KAL__HN_NF_RF,Straw,Straw,217,0.11271306735422153,0.3188613612555607,0.08633424267821181,0.03394640594645505,0.05238783673175676,4.973834758292463,0.005,2015,KAL,HN_NF_RF,HN,NF,RF,0.008333333333333333,-0.44204902742347935,-0.0393441156046892,0.40270491181879015
2015__KAL__HN_NF_RF,Biomass,SDM,217,0.7288702417298323,0.8573401541735368,0.3780166321018841,0.03375357013919396,0.34426306196269013,34.023221702583456,0.005,2015,KAL,HN_NF_RF,HN,NF,RF,0.005,0.5252041992790265,1.0169531595439922,0.49174896026496573
2015__KAL__HN_NF_RF,Grain,GN,0,NA,NA,NA,NA,NA,NA,NA,2015,KAL,HN_NF_RF,HN,NF,RF,NA,NA,NA,NA
2015__KAL__HN_NF_RF,Crude_protein,GP,220,0.004140335461160984,-0.02988341231693367,0.02678406819393095,0.03277478899738167,0,-0.5797022781927147,0.685,2015,KAL,HN_NF_RF,HN,NF,RF,0.685,-1.6133646095454202,-1.6557685971697214,-0.0424039876243012
2015__KAL__HN_NF_RF,Grain_per_spike,GpS,0,NA,NA,NA,NA,NA,NA,NA,2015,KAL,HN_NF_RF,HN,NF,RF,NA,NA,NA,NA
2015__KAL__HN_NF_RF,Spike_number,SN,220,0.0059381758302463955,0.09244969373897657,0.032548185194047605,0.03378990429198224,0,-0.12753841902450228,0.515,2015,KAL,HN_NF_RF,HN,NF,RF,0.7147058823529412,-0.5196143533561446,-0.6769486151522218,-0.15733426179607723
2015__KAL__HN_NF_RF,TGW,TGW,0,NA,NA,NA,NA,NA,NA,NA,2015,KAL,HN_NF_RF,HN,NF,RF,NA,NA,NA,NA
2015__KAL__HN_WF_RF,Harvest_Index,HI,218,0.3574606868512519,0.7224378268214694,0.21367167052017294,0.033561324142841235,0.1801103463773317,18.263685081021386,0.005,2015,KAL,HN_WF_RF,HN,WF,RF,0.005,-0.8357512978502396,0.17015172494516956,1.005903022795409
2015__KAL__HN_WF_RF,Straw,Straw,218,3.150958044734373e-4,-0.2806473041445697,0.05550235983492329,0.0331208977982055,0.022381462036717793,2.568533626031313,0.005,2015,KAL,HN_WF_RF,HN,WF,RF,0.008333333333333333,-1.1329740828426276,-0.7183393006239716,0.414634782218656
2015__KAL__HN_WF_RF,Biomass,SDM,218,0.04193977558008099,0.33894568096143496,0.06832390808396084,0.033985032070820154,0.03433887601314069,3.6132171592599502,0.005,2015,KAL,HN_WF_RF,HN,WF,RF,0.005,-2.8044788142405843,-2.0357405182581205,0.7687382959824638
2015__KAL__HN_WF_RF,Grain,GN,0,NA,NA,NA,NA,NA,NA,NA,2015,KAL,HN_WF_RF,HN,WF,RF,NA,NA,NA,NA
2015__KAL__HN_WF_RF,Crude_protein,GP,220,0.1921518981842343,-0.4499168840828792,0.09376806367320266,0.03334214204441586,0.0604259216287868,6.795565758564795,0.005,2015,KAL,HN_WF_RF,HN,WF,RF,0.005921052631578947,-0.611794860366031,-0.6680052954444152,-0.05621043507838419
2015__KAL__HN_WF_RF,Grain_per_spike,GpS,0,NA,NA,NA,NA,NA,NA,NA,2015,KAL,HN_WF_RF,HN,WF,RF,NA,NA,NA,NA
2015__KAL__HN_WF_RF,Spike_number,SN,220,0.0022774489165349014,-0.03602339349214282,0.03085033182080231,0.03294835378712072,0,-0.21683039577807584,0.54,2015,KAL,HN_WF_RF,HN,WF,RF,0.7147058823529412,-0.5713925113586444,-0.6769486151522218,-0.10555610379357738
2015__KAL__HN_WF_RF,TGW,TGW,0,NA,NA,NA,NA,NA,NA,NA,2015,KAL,HN_WF_RF,HN,WF,RF,NA,NA,NA,NA
2015__KAL__LN_NF_RF,Harvest_Index,HI,216,0.21548035094090165,0.560186475190226,0.14453655963845158,0.03401408069607838,0.1105224789423732,11.309403999131357,0.005,2015,KAL,LN_NF_RF,LN,NF,RF,0.005,-1.7559295803238133,-1.0056210873717684,0.7503084929520449
2015__KAL__LN_NF_RF,Straw,Straw,216,0.19704623614234354,0.3031067290632181,0.057859143466635274,0.03254772533678784,0.025311418129847434,2.7578434620086094,0.01,2015,KAL,LN_NF_RF,LN,NF,RF,0.015517241379310345,0.07635800888870019,-0.6520391860725843,-0.7283971949612844
2015__KAL__LN_NF_RF,Biomass,SDM,216,0.5899262907747485,0.6552530989890328,0.17820924393595838,0.035052776960348433,0.14315646697560996,14.559191602918855,0.005,2015,KAL,LN_NF_RF,LN,NF,RF,0.005,-0.14828363700743236,-0.9639081572339931,-0.8156245202265608
2015__KAL__LN_NF_RF,Grain,GN,0,NA,NA,NA,NA,NA,NA,NA,2015,KAL,LN_NF_RF,LN,NF,RF,NA,NA,NA,NA
2015__KAL__LN_NF_RF,Crude_protein,GP,220,0.004578703151746029,-0.01383725058181142,0.042168384724658656,0.032889834768565156,0.0092785499560935,0.9856478027062126,0.17,2015,KAL,LN_NF_RF,LN,NF,RF,0.17386363636363636,-1.6110293498861283,-1.5040950952551402,0.10693425463098816
2015__KAL__LN_NF_RF,Grain_per_spike,GpS,0,NA,NA,NA,NA,NA,NA,NA,2015,KAL,LN_NF_RF,LN,NF,RF,NA,NA,NA,NA
2015__KAL__LN_NF_RF,Spike_number,SN,220,0.047189796345298664,0.27502296253303504,0.060488956138943374,0.033808147060923735,0.02668080907801964,2.82683360281579,0.02,2015,KAL,LN_NF_RF,LN,NF,RF,0.08181818181818182,0.06385799386737102,0.5162633574942723,0.4524053636269013
2015__KAL__LN_NF_RF,TGW,TGW,0,NA,NA,NA,NA,NA,NA,NA,2015,KAL,LN_NF_RF,LN,NF,RF,NA,NA,NA,NA
2015__KIE__HN_NF_RF,Harvest_Index,HI,220,0.522855730080703,0.6722911254740426,0.18090259184656057,0.0337930438787442,0.1471095479678164,16.736988809930562,0.005,2015,KIE,HN_NF_RF,HN,NF,RF,0.005,0.23617831713966297,-0.38743744950289905,-0.623615766642562
2015__KIE__HN_NF_RF,Straw,Straw,220,0.2604607484117848,0.4467252328654424,0.093485186078279,0.033313757664392166,0.06017142841388684,6.501346273227556,0.005,2015,KIE,HN_NF_RF,HN,NF,RF,0.008333333333333333,0.4661753232051715,0.13678583438211306,-0.32938948882305846
2015__KIE__HN_NF_RF,Biomass,SDM,220,0.81990852783983,0.8833638561277563,0.3770290368030243,0.03294552110414683,0.34408351569887746,34.78118858914653,0.005,2015,KIE,HN_NF_RF,HN,NF,RF,0.005,0.9664841392115722,1.0151846633463344,0.048700524134762224
2015__KIE__HN_NF_RF,Grain,GN,220,0.7325242768834479,0.8159289542045385,0.28097625529860626,0.03357900370081056,0.2473972515977957,26.2634597113847,0.005,2015,KIE,HN_NF_RF,HN,NF,RF,0.005,0.43817456872930644,-0.18382915354158832,-0.6220037222708947
2015__KIE__HN_NF_RF,Crude_protein,GP,220,0.4102291535478156,-0.6338290235147609,0.18262394282736233,0.031804737335410095,0.15081920549195224,16.54980296053714,0.005,2015,KIE,HN_NF_RF,HN,NF,RF,0.005921052631578947,0.5499399754746084,0.8096249353527081,0.2596849598780997
2015__KIE__HN_NF_RF,Grain_per_spike,GpS,220,0.1655512643823604,0.35767455751339716,0.10050624249704511,0.03209721707551883,0.06840902542152627,6.772783150214064,0.005,2015,KIE,HN_NF_RF,HN,NF,RF,0.006999999999999999,-0.24723219892659942,0.34983029934961185,0.5970624982762113
2015__KIE__HN_NF_RF,Spike_number,SN,220,0.005092270604693745,0.14026811222621055,0.057342553604617263,0.034672243350474266,0.022670310254142997,2.4114177984604,0.025,2015,KIE,HN_NF_RF,HN,NF,RF,0.09375,-0.5315790301693076,0.3369069069855577,0.8684859371548653
2015__KIE__HN_NF_RF,TGW,TGW,220,0.21767596995615732,0.43279106067180206,0.11281961594143253,0.03264553640400843,0.0801740795374241,8.785053515307949,0.005,2015,KIE,HN_NF_RF,HN,NF,RF,0.013999999999999999,0.3262564519988552,0.8808988030759641,0.5546423510771089
2015__KIE__HN_WF_RF,Harvest_Index,HI,220,0.38208313840325925,0.5811464925082975,0.1354570954947242,0.033208542355629006,0.1022485531390952,10.970186542335458,0.005,2015,KIE,HN_WF_RF,HN,WF,RF,0.005,-0.6761725432703017,-1.1454192643990286,-0.4692467211287269
2015__KIE__HN_WF_RF,Straw,Straw,220,0.10677154519005873,0.24146667192597895,0.060954366006418736,0.0329872499246784,0.027967116081740337,2.8179840998540637,0.02,2015,KIE,HN_WF_RF,HN,WF,RF,0.028125,-0.47857234251490266,-0.591945084718215,-0.1133727422033124
2015__KIE__HN_WF_RF,Biomass,SDM,220,0.713411284127564,0.8130449727548842,0.29697052769694,0.032758347743039554,0.26421217995390045,28.624862860902372,0.005,2015,KIE,HN_WF_RF,HN,WF,RF,0.005,0.45027168271224616,0.2284673540170408,-0.22180432869520536
2015__KIE__HN_WF_RF,Grain,GN,220,0.6059767740970914,0.7216309878678936,0.22424424061908166,0.03358977253843957,0.1906544680806421,21.225854727962346,0.005,2015,KIE,HN_WF_RF,HN,WF,RF,0.005,-0.8199059751481738,-1.1249779522251702,-0.3050719770769964
2015__KIE__HN_WF_RF,Crude_protein,GP,220,0.4850209807753261,-0.7050968370871675,0.20150764021710457,0.03287890542885396,0.1686287347882506,18.166910326591594,0.005,2015,KIE,HN_WF_RF,HN,WF,RF,0.005921052631578947,0.9483688303385059,1.100751640344571,0.15238281000606502
2015__KIE__HN_WF_RF,Grain_per_spike,GpS,220,0.02663073337128031,0.1729419653674287,0.05642953792485867,0.03231187548951622,0.024117662435342448,2.556880436070515,0.02,2015,KIE,HN_WF_RF,HN,WF,RF,0.024,-1.3704587572581595,-0.8377941399261966,0.5326646173319629
2015__KIE__HN_WF_RF,Spike_number,SN,220,0.02762135248612028,0.17435070972540756,0.070133748743926,0.03342806136983977,0.03670568737408623,3.9260160081235185,0.005,2015,KIE,HN_WF_RF,HN,WF,RF,0.03214285714285715,-0.21292254778093167,0.9645932702871004,1.177515818068032
2015__KIE__HN_WF_RF,TGW,TGW,220,0.09197342739912454,0.30355736125276817,0.058082214854927906,0.032803667012550955,0.02527854784237695,2.676622889381218,0.025,2015,KIE,HN_WF_RF,HN,WF,RF,0.04565217391304348,-0.5049565296470342,-0.32247378923937525,0.18248274040765894
2015__KIE__LN_NF_RF,Harvest_Index,HI,220,0.6456236171601182,0.7720561469151317,0.2829417061931492,0.033787546654601965,0.24915415953854722,28.122987628988916,0.005,2015,KIE,LN_NF_RF,LN,NF,RF,0.005,1.0318402146222612,1.33673206956521,0.3048918549429489
2015__KIE__LN_NF_RF,Straw,Straw,220,0.16654981914063738,0.33466130968145474,0.07995437785965692,0.03274784893908891,0.047206528920568015,5.082682204068061,0.005,2015,KIE,LN_NF_RF,LN,NF,RF,0.008333333333333333,-0.11110746149715311,-0.15658863753227842,-0.045481176035125304
2015__KIE__LN_NF_RF,Biomass,SDM,220,0.757752654295504,0.8414858308492474,0.2974428362317715,0.03223371164220888,0.2652091245895626,29.675853554903796,0.005,2015,KIE,LN_NF_RF,LN,NF,RF,0.005,0.6652027628140109,0.23828706710939024,-0.4269156957046207
2015__KIE__LN_NF_RF,Grain,GN,220,0.8222838920748069,0.8838101463403639,0.39149058515354407,0.033548568489683094,0.357942016663861,33.5798163560461,0.005,2015,KIE,LN_NF_RF,LN,NF,RF,0.005,1.3305258440351755,1.6496916290833017,0.3191657850481262
2015__KIE__LN_NF_RF,Crude_protein,GP,220,0.45615824316364717,-0.6445208296940771,0.18759321056334588,0.03331469271323138,0.1542785178501145,15.923136310348552,0.005,2015,KIE,LN_NF_RF,LN,NF,RF,0.005921052631578947,0.7946120908504184,0.8661732130536092,0.07156112220319077
2015__KIE__LN_NF_RF,Grain_per_spike,GpS,220,0.24679762349028064,0.42864597127288506,0.08113011977748075,0.03263444664051704,0.04849567313696371,5.189613789498536,0.005,2015,KIE,LN_NF_RF,LN,NF,RF,0.006999999999999999,0.40967623392758135,-0.1841244549538957,-0.5938006888814771
2015__KIE__LN_NF_RF,Spike_number,SN,220,0.05105902410467884,0.23080867561125418,0.04391441803937464,0.03255966853252098,0.01135474950685366,1.1904758850614752,0.14,2015,KIE,LN_NF_RF,LN,NF,RF,0.31071428571428567,0.11858523547680473,-0.16914455949705137,-0.2877297949738561
2015__KIE__LN_NF_RF,TGW,TGW,220,0.14282502198143873,0.3438835137465274,0.06498450576003004,0.03405115075759369,0.030933355002436345,3.3266249910382966,0.01,2015,KIE,LN_NF_RF,LN,NF,RF,0.023333333333333334,-0.16869837054865636,-0.1985139742758202,-0.029815603727163853
2015__QLB__HN_NF_RF,Harvest_Index,HI,220,0.5555861755548269,0.697428759797817,0.19711195352045885,0.032762430435415886,0.16434952308504297,18.19899733622487,0.005,2015,QLB,HN_NF_RF,HN,NF,RF,0.005,0.44830519307543665,-0.09614681544515172,-0.5444520085205884
2015__QLB__HN_NF_RF,Straw,Straw,220,0.11093967793764774,0.3447760941717429,0.07369545670212337,0.0352156117035514,0.03847984499857197,3.8081865044050445,0.01,2015,QLB,HN_NF_RF,HN,NF,RF,0.015517241379310345,-0.45295028448383173,-0.3540592225143476,0.0988910619694841
2015__QLB__HN_NF_RF,Biomass,SDM,220,0.4472408335590482,0.6520762074347892,0.1929885150295584,0.03265071833273906,0.16033779669681936,16.952980303870397,0.005,2015,QLB,HN_NF_RF,HN,NF,RF,0.005,-0.8399072678973525,-0.7946753609761776,0.04523190692117485
2015__QLB__HN_NF_RF,Grain,GN,220,0.7581705011136065,0.8592427717326993,0.37496507158294323,0.034830966062964895,0.34013410551997836,33.59866297855255,0.005,2015,QLB,HN_NF_RF,HN,NF,RF,0.005,0.6931382386355636,1.3543255377271644,0.6611872990916008
2015__QLB__HN_NF_RF,Crude_protein,GP,220,0.08321917900812757,-0.3739551343096871,0.0852320808064655,0.03265979824905613,0.05257228255740937,5.891770314155573,0.005,2015,QLB,HN_NF_RF,HN,NF,RF,0.005921052631578947,-1.1920980855636403,-0.7963862328070149,0.39571185275662535
2015__QLB__HN_NF_RF,Grain_per_spike,GpS,218,0.1782359883281699,0.4121641148361382,0.06978841837182242,0.03284628260362164,0.03694213576820078,3.494018724338858,0.005,2015,QLB,HN_NF_RF,HN,NF,RF,0.006999999999999999,-0.1446712691825205,-0.4939199187672211,-0.3492486495847006
2015__QLB__HN_NF_RF,Spike_number,SN,218,0.34952377448812144,0.5621928696235352,0.14863235013165174,0.03361771273999614,0.1150146373916556,12.455941511877677,0.005,2015,QLB,HN_NF_RF,HN,NF,RF,0.03214285714285715,4.3401388688950115,4.466705086053487,0.1265662171584756
2015__QLB__HN_NF_RF,TGW,TGW,220,3.252573016167376e-5,-0.04571995289158867,0.023438428973310686,0.03393748494471665,0,-1.1624616858535732,0.89,2015,QLB,HN_NF_RF,HN,NF,RF,0.9117073170731708,-1.1129193397612078,-0.8766083555285479,0.23631098423265995
2015__QLB__HN_WF_RF,Harvest_Index,HI,220,0.5173273792531864,0.6941514569234151,0.20683794531473856,0.03285772841467962,0.17398021690005894,17.569330339090286,0.005,2015,QLB,HN_WF_RF,HN,WF,RF,0.005,0.2003489303674859,0.06657562984358163,-0.1337733005239043
2015__QLB__HN_WF_RF,Straw,Straw,220,0.028095992897973363,0.19093895628948004,0.0349339758916126,0.03309703522026263,0.0018369406713499709,0.18551322011180155,0.38,2015,QLB,HN_WF_RF,HN,WF,RF,0.3886363636363636,-0.9622012690696987,-1.1832282193082022,-0.2210269502385035
2015__QLB__HN_WF_RF,Biomass,SDM,220,0.2941005271715242,0.5802708170153779,0.1348347323824005,0.033668267198529056,0.10116646518387146,10.244221232805854,0.005,2015,QLB,HN_WF_RF,HN,WF,RF,0.005,-1.5822075471698211,-1.3775016062506038,0.20470594091921734
2015__QLB__HN_WF_RF,Grain,GN,220,0.5242665584696786,0.7131526008238338,0.2397129135748606,0.0325955751940046,0.207117338380856,21.530855038539908,0.005,2015,QLB,HN_WF_RF,HN,WF,RF,0.005,-1.6322336011656553,-0.8519210162494082,0.7803125849162471
2015__QLB__HN_WF_RF,Crude_protein,GP,220,0.32725603620037574,-0.57400134112462875,0.13773430426967379,0.03268694725058237,0.10504735701909142,11.651150106933596,0.005,2015,QLB,HN_WF_RF,HN,WF,RF,0.005921052631578947,0.10792798894209794,0.06140710176513368,-0.046520887176964267
2015__QLB__HN_WF_RF,Grain_per_spike,GpS,218,0.26412823187368173,0.49636554545196554,0.12559647914582786,0.034914050288038935,0.09068242885778893,8.981607111357016,0.005,2015,QLB,HN_WF_RF,HN,WF,RF,0.006999999999999999,0.549800947435386,0.9470672431530085,0.3972662957176225
2015__QLB__HN_WF_RF,Spike_number,SN,218,0.032662118381072025,0.2130206232406599,0.04852693972232912,0.03301726101742465,0.015509678704904467,1.6780878694802737,0.06,2015,QLB,HN_WF_RF,HN,WF,RF,0.19285714285714287,-0.14162480306667138,0.016671067387255285,0.15829587045392668
2015__QLB__HN_WF_RF,TGW,TGW,220,0.025285579829882405,0.11320556961169372,0.028238938029406205,0.033415436349413644,0,-0.5057961872873337,0.675,2015,QLB,HN_WF_RF,HN,WF,RF,0.7087500000000001,-0.9459325313251724,-0.8766083555285479,0.06932417579662453
2015__QLB__LN_NF_RF,Harvest_Index,HI,220,0.5610809754195966,0.7270067563379409,0.20621404081081074,0.0322741954930124,0.17393984531779833,18.619550318017957,0.005,2015,QLB,LN_NF_RF,LN,NF,RF,0.005,0.48391713517770324,0.06589350218883476,-0.41802363298886847
2015__QLB__LN_NF_RF,Straw,Straw,220,0.297387641085159,0.511391106878617,0.11868017348422043,0.0324409450335071,0.08623922845071333,8.908143403025157,0.005,2015,QLB,LN_NF_RF,LN,NF,RF,0.008333333333333333,0.6931697699467259,0.7266575162809941,0.03348774633426821
2015__QLB__LN_NF_RF,Biomass,SDM,220,0.6726875599869873,0.7966505694144694,0.2765838218261194,0.032555837199436104,0.2440279846266833,26.349238542543674,0.005,2015,QLB,LN_NF_RF,LN,NF,RF,0.005,0.25287602303484175,0.02965690855878005,-0.2232191144760617
2015__QLB__LN_NF_RF,Grain,GN,220,0.8307346067099859,0.8964088288826403,0.407374569210373,0.033204251001365835,0.3741703182090072,41.53550735403424,0.005,2015,QLB,LN_NF_RF,LN,NF,RF,0.005,1.414539194202411,1.9188579539829624,0.5043187597805514
2015__QLB__LN_NF_RF,Crude_protein,GP,220,0.08158487556775086,-0.3392707212207615,0.06710084873170769,0.03440267789705475,0.032698170834652936,3.4189321906938237,0.005,2015,QLB,LN_NF_RF,LN,NF,RF,0.005921052631578947,-1.2008042994961956,-1.1212620093773036,0.07954229011889202
2015__QLB__LN_NF_RF,Grain_per_spike,GpS,218,0.20114551657540536,0.464622345104939,0.09683317621389684,0.03315690821090512,0.06367626800299173,6.94462787269251,0.005,2015,QLB,LN_NF_RF,LN,NF,RF,0.006999999999999999,0.04056118262900875,0.22292658728347303,0.18236540465446427
2015__QLB__LN_NF_RF,Spike_number,SN,218,0.3138033700977168,0.4995473944340229,0.11616578573859078,0.03393167425629066,0.08223411148230012,8.654327384557906,0.005,2015,QLB,LN_NF_RF,LN,NF,RF,0.03214285714285715,3.8349013065103392,3.0007032166830863,-0.834198089827253
2015__QLB__LN_NF_RF,TGW,TGW,220,0.014713110001043193,0.03185227343164491,0.04580986228045297,0.03383297664384294,0.011976885636610035,1.1768138808319684,0.165,2015,QLB,LN_NF_RF,LN,NF,RF,0.20382352941176474,-1.0158434017898923,-0.614061378181535,0.40178202360835735
2016__GGE__HN_NF_RF,Harvest_Index,HI,220,0.709121396748082,0.8081369074116859,0.28020844709937687,0.03407605223352706,0.2461323948658498,25.79098797469008,0.005,2016,GGE,HN_NF_RF,HN,NF,RF,0.005,1.443370990257499,1.2856756300113155,-0.15769536024618347
2016__GGE__HN_NF_RF,Straw,Straw,220,0.17733212254157169,0.33872750939632484,0.11659163776751738,0.033255648240955366,0.08333598952656202,9.085822793076598,0.005,2016,GGE,HN_NF_RF,HN,NF,RF,0.008333333333333333,-0.04482722999369319,0.6609619675686326,0.7057891975623257
2016__GGE__HN_NF_RF,Biomass,SDM,220,0.5991895904857328,0.7506725345564991,0.2795728658249142,0.03357456901122485,0.24599829681368934,25.395657475664184,0.005,2016,GGE,HN_NF_RF,HN,NF,RF,0.005,-0.1033826561706298,0.04906410499342336,0.15244676116405317
2016__GGE__HN_NF_RF,Grain,GN,220,0.7948379620809645,0.7970754467128359,0.30371583150349224,0.033648344447812666,0.27006748705567957,29.299245608982016,0.005,2016,GGE,HN_NF_RF,HN,NF,RF,0.005,1.0576702777568718,0.19218456211639262,-0.8654857156404792
2016__GGE__HN_NF_RF,Crude_protein,GP,220,0.17643560544221604,-0.3893012727905583,0.07542858761174087,0.032984564049233694,0.04244402356250718,4.977488231249814,0.005,2016,GGE,HN_NF_RF,HN,NF,RF,0.005921052631578947,-0.6955182396713684,-0.9619496578382946,-0.26643141816692617
2016__GGE__HN_NF_RF,Grain_per_spike,GpS,220,0.4148252711931206,0.5925268929297939,0.1502959857479043,0.0332801143839671,0.11701587136393718,10.652564222432954,0.005,2016,GGE,HN_NF_RF,HN,NF,RF,0.006999999999999999,1.768245158622778,1.653169692524948,-0.11507546609783015
2016__GGE__HN_NF_RF,Spike_number,SN,220,0.13205494489207226,0.2978134848020356,0.07350383643199744,0.03226069852637056,0.04124313790562688,4.186023547017764,0.005,2016,GGE,HN_NF_RF,HN,NF,RF,0.03214285714285715,1.2642100479640166,1.1675159134383464,-0.09669413452567022
2016__GGE__HN_NF_RF,TGW,TGW,220,0.40870772145713935,0.5918484416469912,0.12881570110519192,0.031846997028938895,0.09696870407625302,10.86317985924076,0.005,2016,GGE,HN_NF_RF,HN,NF,RF,0.013999999999999999,1.5894613842469345,1.2490561055778142,-0.3404052786691203
2016__GGE__HN_WF_RF,Harvest_Index,HI,220,0.581148837388875,0.7631968353966743,0.25635454895804977,0.03292133625387285,0.22343321270417693,22.760379818467356,0.005,2016,GGE,HN_WF_RF,HN,WF,RF,0.005,0.6139774751635677,0.9021449625070984,0.2881674873435307
2016__GGE__HN_WF_RF,Straw,Straw,220,0.023342374490283826,0.023796509694978672,0.04336923277001013,0.0331677398758073,0.01020149289420283,1.0606290676771428,0.165,2016,GGE,HN_WF_RF,HN,WF,RF,0.19539473684210526,-0.9914223841529071,-0.9939520824245809,-0.0025296982716738192
2016__GGE__HN_WF_RF,Biomass,SDM,220,0.562528183364665,0.685713641716865,0.21279904495685914,0.03325042994541087,0.17954861501144825,20.224289671889714,0.005,2016,GGE,HN_WF_RF,HN,WF,RF,0.005,-0.28108749029591495,-0.6054524920516494,-0.32436500175573446
2016__GGE__HN_WF_RF,Grain,GN,220,0.6222420368680881,0.8028445366076309,0.29194116393290376,0.03319006996442809,0.2587510939684757,25.776719766421508,0.005,2016,GGE,HN_WF_RF,HN,WF,RF,0.005,-0.6582037670232745,0.004488275482278738,0.6626920425055532
2016__GGE__HN_WF_RF,Crude_protein,GP,220,0.32002522784680776,-0.6255489876763044,0.15987294112536152,0.032983510230485034,0.12688943089487648,15.046984346493092,0.005,2016,GGE,HN_WF_RF,HN,WF,RF,0.005921052631578947,0.06940823619840916,0.41845252906723557,0.34904429286882643
2016__GGE__HN_WF_RF,Grain_per_spike,GpS,220,0.23214000193343187,0.4951589908882415,0.11756408946512889,0.03280275827053844,0.08476133119459045,9.068674949278178,0.005,2016,GGE,HN_WF_RF,HN,WF,RF,0.006999999999999999,0.2911636591857486,0.7882994875897633,0.4971358284040147
2016__GGE__HN_WF_RF,Spike_number,SN,220,0.042959573506409825,0.21959619751722897,0.030068463331614635,0.03208609908553757,0,-0.23724652765355678,0.6,2016,GGE,HN_WF_RF,HN,WF,RF,0.7153846153846153,0.004024755360186343,-0.6769486151522218,-0.6809733705124081
2016__GGE__HN_WF_RF,TGW,TGW,220,0.2197971792857164,0.31628790226695147,0.07268413529543374,0.03339355747516769,0.03929057782026606,3.9703951680175296,0.01,2016,GGE,HN_WF_RF,HN,WF,RF,0.023333333333333334,0.34028303169765417,-0.01531412947395255,-0.3555971611716067
2016__GGE__LN_NF_RF,Harvest_Index,HI,220,0.7019460759419911,0.7551534686103583,0.24145779215976107,0.032095313989315546,0.2093624781704455,23.130095553894098,0.005,2016,GGE,LN_NF_RF,LN,NF,RF,0.005,1.3968675478391446,0.6644025553331241,-0.7324649925060205
2016__GGE__LN_NF_RF,Straw,Straw,220,0.22384331776322416,0.28562460907344067,0.0913402179813961,0.03344755490726646,0.057892663074129644,5.882823011837625,0.005,2016,GGE,LN_NF_RF,LN,NF,RF,0.008333333333333333,0.2410831800701358,0.08522110158085999,-0.1558620784892758
2016__GGE__LN_NF_RF,Biomass,SDM,220,0.7325839188443525,0.7150527152138756,0.23769398894455587,0.033004042393795376,0.2046899465507605,21.275357277759174,0.005,2016,GGE,LN_NF_RF,LN,NF,RF,0.005,0.5432051007024593,-0.35781520744786316,-0.9010203081503225
2016__GGE__LN_NF_RF,Grain,GN,220,0.7008746589134943,0.7901838693136034,0.2685008690033796,0.03294138021338817,0.23555948878999144,24.941415313475282,0.005,2016,GGE,LN_NF_RF,LN,NF,RF,0.005,0.12352775458888113,-0.38017299772924873,-0.5037007523181298
2016__GGE__LN_NF_RF,Crude_protein,GP,220,0.5312041721675769,-0.6521584781052953,0.19208078112632085,0.03429763967457791,0.15778314145174294,15.83893251007055,0.005,2016,GGE,LN_NF_RF,LN,NF,RF,0.005921052631578947,1.1943945893348895,0.9234621792247062,-0.2709324101101833
2016__GGE__LN_NF_RF,Grain_per_spike,GpS,220,0.26465488235341333,0.4551923499546384,0.1042977946419664,0.03393826532446372,0.07035952931750267,6.642051868457769,0.005,2016,GGE,LN_NF_RF,LN,NF,RF,0.006999999999999999,0.5540591215259055,0.4021309272730931,-0.15192819425281245
2016__GGE__LN_NF_RF,Spike_number,SN,220,0.02605895521368647,0.15571159460573678,0.05522136375559572,0.03423177281254953,0.020989590943046192,2.2881780921842645,0.02,2016,GGE,LN_NF_RF,LN,NF,RF,0.08181818181818182,-0.2350214518351357,0.26174222967781363,0.49676368151294936
2016__GGE__LN_NF_RF,TGW,TGW,220,0.20848983399650592,0.21579484174165883,0.06970458041782414,0.033898811383397814,0.035805769034426324,3.5461467678547405,0.005,2016,GGE,LN_NF_RF,LN,NF,RF,0.013999999999999999,0.26551276849410843,-0.09170510798992496,-0.35721787648403336
2016__HAN__HN_NF_RF,Harvest_Index,HI,220,0.6324156689952344,0.7598057059781476,0.2383653491982586,0.03380446823372898,0.20456088096452962,20.93649771770144,0.005,2016,HAN,HN_NF_RF,HN,NF,RF,0.005,0.9462391560007568,0.5832736508485943,-0.3629655051521625
2016__HAN__HN_NF_RF,Straw,Straw,220,0.5054017657572105,0.5977448820317476,0.17477923047674665,0.03332369394762522,0.14145553652912143,16.833318046774316,0.005,2016,HAN,HN_NF_RF,HN,NF,RF,0.008333333333333333,1.9718598444681363,1.976112263840985,0.004252419372848593
2016__HAN__HN_NF_RF,Biomass,SDM,220,0.8946739392083832,0.911676236736672,0.45249624002549466,0.03355860822046965,0.418937631805025,47.007559295426134,0.005,2016,HAN,HN_NF_RF,HN,NF,RF,0.005,1.3288863509347124,1.752483323322162,0.42359697238744953
2016__HAN__HN_NF_RF,Grain,GN,220,0.7477159959967966,0.8414091951561735,0.311493573358529,0.03232201299993522,0.2791715603585938,30.0577348861624,0.005,2016,HAN,HN_NF_RF,HN,NF,RF,0.005,0.5892040700923016,0.34318680629736015,-0.24601726379494143
2016__HAN__HN_NF_RF,Crude_protein,GP,220,0.10951819286646278,-0.3094504206510653,0.05662608458926954,0.03404032585504318,0.022585758734226365,2.3695826537945055,0.02,2016,HAN,HN_NF_RF,HN,NF,RF,0.02142857142857143,-1.0519987409687799,-1.2865663902701174,-0.23456764930133756
2016__HAN__HN_NF_RF,Grain_per_spike,GpS,220,0.30499076935247094,0.4980981951167286,0.10101792042920948,0.033879962973973866,0.06713795745523563,6.977560502702141,0.005,2016,HAN,HN_NF_RF,HN,NF,RF,0.006999999999999999,0.880190465838062,0.3157480025095201,-0.5644424633285419
2016__HAN__HN_NF_RF,Spike_number,SN,220,0.014335805731186948,0.2311073294151457,0.04309158804344115,0.03315270325017409,0.009938884793267058,1.0731466408459704,0.16,2016,HAN,HN_NF_RF,HN,NF,RF,0.32727272727272727,-0.4008363570437747,-0.23246448067931522,0.16837187636445947
2016__HAN__HN_NF_RF,TGW,TGW,220,0.1372976586923322,0.22893786310385827,0.04164028304492872,0.033689745088872194,0.007950537956056526,0.8427272699350122,0.21,2016,HAN,HN_NF_RF,HN,NF,RF,0.245,-0.20524827659446065,-0.7023235061963672,-0.49707522960190653
2016__HAN__HN_WF_RF,Harvest_Index,HI,220,0.4187453276392218,0.6176036694973036,0.14865564937401016,0.0318130427470392,0.11684260662697096,13.240776093441212,0.005,2016,HAN,HN_WF_RF,HN,WF,RF,0.005,-0.4385639328485691,-0.8988347383164939,-0.46027080546792476
2016__HAN__HN_WF_RF,Straw,Straw,220,0.10800187211648736,0.4006671813279388,0.08233644899373779,0.032084626638462746,0.05025182235527505,5.243937750316555,0.005,2016,HAN,HN_WF_RF,HN,WF,RF,0.008333333333333333,-0.47100936172347324,-0.0876786275710027,0.38333073415247054
2016__HAN__HN_WF_RF,Biomass,SDM,220,0.6386026369354462,0.8298056496283732,0.3227665733597635,0.03348835982190082,0.28927821353786265,28.866636795513667,0.005,2016,HAN,HN_WF_RF,HN,WF,RF,0.005,0.0876598987042926,0.47536296822958524,0.38770306952529265
2016__HAN__HN_WF_RF,Grain,GN,220,0.7143762998144859,0.8309394070876747,0.29051118069419996,0.03380089313913153,0.2567102875550684,27.496080146446637,0.005,2016,HAN,HN_WF_RF,HN,WF,RF,0.005,0.25775522928377703,-0.02936100693340245,-0.28711623621717947
2016__HAN__HN_WF_RF,Crude_protein,GP,220,0.5516334203723063,-0.6837515425750721,0.20935957756449272,0.03354024476569287,0.17581933279879985,17.535020791761134,0.005,2016,HAN,HN_WF_RF,HN,WF,RF,0.005921052631578947,1.3032246884201906,1.2182940565928964,-0.08493063182729421
2016__HAN__HN_WF_RF,Grain_per_spike,GpS,220,0.32460412214271794,0.5662453581873406,0.14246866818121168,0.03162217199940654,0.11084649618180514,12.287648921352217,0.005,2016,HAN,HN_WF_RF,HN,WF,RF,0.006999999999999999,1.038772056273926,1.4877446469320363,0.44897259065811035
2016__HAN__HN_WF_RF,Spike_number,SN,220,8.638692001921887e-5,0.02122019801310696,0.016478289194988442,0.033212523487488294,0,-1.6576523266810774,0.99,2016,HAN,HN_WF_RF,HN,WF,RF,0.99,-0.6023833929302609,-0.6769486151522218,-0.07456522222196094
2016__HAN__HN_WF_RF,TGW,TGW,220,0.018256941672751253,-0.15255236302778608,0.0320775586400306,0.03286378903445584,0,-0.08467464293669452,0.505,2016,HAN,HN_WF_RF,HN,WF,RF,0.5438461538461539,-0.9924096761836254,-0.8766083555285479,0.11580132065507753
2016__HAN__LN_NF_RF,Harvest_Index,HI,220,0.4663172352977073,0.5943898164687851,0.14765162604182272,0.033041468558964934,0.11461015748285779,11.72146642218259,0.005,2016,HAN,LN_NF_RF,LN,NF,RF,0.005,-0.13024915106909088,-0.9365547189004922,-0.8063055678314014
2016__HAN__LN_NF_RF,Straw,Straw,220,0.52540315172578,0.6430207987017013,0.2006326086115253,0.033951963292620534,0.16668064531890475,17.107064259400907,0.005,2016,HAN,LN_NF_RF,LN,NF,RF,0.008333333333333333,2.0948109842284928,2.5469152210100234,0.45210423678153067
2016__HAN__LN_NF_RF,Biomass,SDM,220,0.8726299484499647,0.8911536489296361,0.42210584883141883,0.03308845049482306,0.38901739833659577,36.246833168934955,0.005,2016,HAN,LN_NF_RF,LN,NF,RF,0.005,1.2220349224489528,1.4577747730113921,0.2357398505624393
2016__HAN__LN_NF_RF,Grain,GN,220,0.7629886739801001,0.8521190332632718,0.3287203753563204,0.03255207940528089,0.29616829595103955,35.447399171636036,0.005,2016,HAN,LN_NF_RF,LN,NF,RF,0.005,0.7410384295275758,0.6250985542386115,-0.11593987528896432
2016__HAN__LN_NF_RF,Crude_protein,GP,220,0.548890213492268,-0.5557981100285694,0.15518373621084455,0.03195995853500308,0.12322377767584147,13.449381760302172,0.005,2016,HAN,LN_NF_RF,LN,NF,RF,0.005921052631578947,1.288611156215078,0.35853126301096294,-0.930079893204115
2016__HAN__LN_NF_RF,Grain_per_spike,GpS,220,0.40910339968538584,0.5572237593188439,0.1280187616543831,0.033898241914379505,0.0941205197400036,9.370283187294739,0.005,2016,HAN,LN_NF_RF,LN,NF,RF,0.006999999999999999,1.7219816006441826,1.039255888542927,-0.6827257121012555
2016__HAN__LN_NF_RF,Spike_number,SN,220,0.00683638402544823,0.04097530189391591,0.026088838191307646,0.03255108989409162,0,-0.7176666137765945,0.78,2016,HAN,LN_NF_RF,LN,NF,RF,0.8357142857142857,-0.5069098913881941,-0.6769486151522218,-0.17003872376402773
2016__HAN__LN_NF_RF,TGW,TGW,220,0.11316437020663389,0.15058124792210206,0.04350039179599094,0.0332318260338383,0.01026856576215264,1.1644158584801794,0.15,2016,HAN,LN_NF_RF,LN,NF,RF,0.2032258064516129,-0.3648305910891439,-0.6515096959653863,-0.28667910487624243
2016__KAL__HN_NF_RF,Harvest_Index,HI,216,0.33438916729033136,0.5701580156943997,0.13983422354931568,0.033837823410834085,0.1059964001384816,11.084452718189688,0.005,2016,KAL,HN_NF_RF,HN,NF,RF,0.005,-0.9852784215008582,-1.0820947687788565,-0.09681634727799826
2016__KAL__HN_NF_RF,Straw,Straw,216,0.26740767325801396,0.49312209004632107,0.11490918852217158,0.03454323260324678,0.0803659559189248,8.044257136689435,0.005,2016,KAL,HN_NF_RF,HN,NF,RF,0.008333333333333333,0.508878980292516,0.5937549644092495,0.08487598411673347
2016__KAL__HN_NF_RF,Biomass,SDM,216,0.6862572508604913,0.7907000559663724,0.295184160208315,0.03350821662286148,0.26167594358545354,28.072959354495712,0.005,2016,KAL,HN_NF_RF,HN,NF,RF,0.005,0.3186509033563801,0.20348591314094863,-0.11516499021543145
2016__KAL__HN_NF_RF,Grain,GN,220,0.757206296655698,0.7933112817883164,0.27266852592068413,0.03342617499237614,0.23924235092830798,22.810317688504753,0.005,2016,KAL,HN_NF_RF,HN,NF,RF,0.005,0.6835525349108327,-0.31908820311133873,-1.0026407380221714
2016__KAL__HN_NF_RF,Crude_protein,GP,220,0.08655616623564887,-0.18871426719935988,0.04660771965021547,0.03343491617672126,0.013172803473494213,1.4785162156438372,0.085,2016,KAL,HN_NF_RF,HN,NF,RF,0.08895348837209303,-1.1743213838965934,-1.4404369729060291,-0.26611558900943577
2016__KAL__HN_NF_RF,Grain_per_spike,GpS,216,0.19433555063793068,0.39139070481906185,0.07283174208046857,0.033808610882456694,0.03902313119801187,4.348477585911155,0.005,2016,KAL,HN_NF_RF,HN,NF,RF,0.006999999999999999,-0.014500042278739111,-0.4381203031348041,-0.42362026085606497
2016__KAL__HN_NF_RF,Spike_number,SN,220,0.03285063374454431,0.14770740943182523,0.03024871318349183,0.03329398887900816,0,-0.2918919463930739,0.585,2016,KAL,HN_NF_RF,HN,NF,RF,0.7153846153846153,-0.13895839868692744,-0.6769486151522218,-0.5379902164652943
2016__KAL__HN_NF_RF,TGW,TGW,220,0.36721344223990976,0.48269442080884467,0.1355709712509414,0.034228827612125465,0.10134214363881593,9.327308091080996,0.005,2016,KAL,HN_NF_RF,HN,NF,RF,0.013999999999999999,1.315078839170317,1.3449268830569696,0.02984804388665263
2016__KAL__HN_WF_RF,Harvest_Index,HI,196,0.3132307766720222,0.5292129190606348,0.1376286007094151,0.03822578617778685,0.09940281453162825,9.72887986891241,0.005,2016,KAL,HN_WF_RF,HN,WF,RF,0.005,-1.122406506275599,-1.1935015265656004,-0.07109502029000137
2016__KAL__HN_WF_RF,Straw,Straw,196,0.0375922834903244,0.09481627871765652,0.0550981648118532,0.03737881265613504,0.01771935215571816,1.716608660961152,0.07,2016,KAL,HN_WF_RF,HN,WF,RF,0.09545454545454546,-0.9038263267702068,-0.8238352225206257,0.07999110424958111
2016__KAL__HN_WF_RF,Biomass,SDM,196,0.45843805439447377,0.5602084644869272,0.1393144257399854,0.03810701407642276,0.10120741166356265,9.621516374217874,0.005,2016,KAL,HN_WF_RF,HN,WF,RF,0.005,-0.7856322024408487,-1.3770982912937586,-0.5914660888529099
2016__KAL__HN_WF_RF,Grain,GN,220,0.6817290117643665,0.7774657252497704,0.2673382733372669,0.0316985702254734,0.2356397031117935,25.260823123162684,0.005,2016,KAL,HN_WF_RF,HN,WF,RF,0.005,-0.06680998932476576,-0.3788425446227599,-0.3120325552979941
2016__KAL__HN_WF_RF,Crude_protein,GP,220,0.5172229187511416,-0.5809842051582584,0.1594689090405753,0.033896900735069825,0.1255720083055055,13.499030914985918,0.005,2016,KAL,HN_WF_RF,HN,WF,RF,0.005921052631578947,1.1199140612508895,0.3969170414558286,-0.7229970197950609
2016__KAL__HN_WF_RF,Grain_per_spike,GpS,203,0.006971759129682602,0.09944025408046457,0.030158264834576384,0.03597280659621791,0,-0.5945804843414254,0.685,2016,KAL,HN_WF_RF,HN,WF,RF,0.685,-1.529409214883155,-1.4844828709853777,0.04492634389777739
2016__KAL__HN_WF_RF,Spike_number,SN,220,0.0023892812308823003,0.09966359184731466,0.030104338786256304,0.03465290874677796,0,-0.43045939277279843,0.615,2016,KAL,HN_WF_RF,HN,WF,RF,0.7153846153846153,-0.5698107295490328,-0.6769486151522218,-0.10713788560318904
2016__KAL__HN_WF_RF,TGW,TGW,220,0.0390641563322689,0.06703256453457904,0.039909512308751456,0.03316608791549222,0.0067434243932592355,0.7692043604954968,0.19,2016,KAL,HN_WF_RF,HN,WF,RF,0.22799999999999998,-0.8548211550203667,-0.7287848106491928,0.12603634437117395
2016__KAL__LN_NF_RF,Harvest_Index,HI,204,0.3546183409337708,0.6655419779349924,0.18217058858159343,0.035427206899732125,0.1467433816818613,13.941006058679767,0.005,2016,KAL,LN_NF_RF,LN,NF,RF,0.005,-0.8541726163220804,-0.3936242803353781,0.4605483359867023
2016__KAL__LN_NF_RF,Straw,Straw,204,0.25014079776839787,0.24937133810631065,0.0998135559495461,0.03539291221892485,0.06442064373062126,5.717702547422587,0.005,2016,KAL,LN_NF_RF,LN,NF,RF,0.008333333333333333,0.40273723467126005,0.232938627563419,-0.16979860710784106
2016__KAL__LN_NF_RF,Biomass,SDM,204,0.6411298949706837,0.604096373620937,0.1968942043979764,0.034567947665534456,0.16232625673244194,16.68505500043493,0.005,2016,KAL,LN_NF_RF,LN,NF,RF,0.005,0.0999100005200956,-0.77508941171988,-0.8749994122399756
2016__KAL__LN_NF_RF,Grain,GN,220,0.8004514050444314,0.8489025881451345,0.35129425880231696,0.03428186395020481,0.31701239485211213,31.14179693013391,0.005,2016,KAL,LN_NF_RF,LN,NF,RF,0.005,1.1134767000173436,0.970823550871105,-0.1426531491462386
2016__KAL__LN_NF_RF,Crude_protein,GP,220,0.5121120315570579,-0.6426387472318174,0.14531492617015407,0.03311661796453243,0.11219830820562164,12.052120409004868,0.005,2016,KAL,LN_NF_RF,LN,NF,RF,0.005921052631578947,1.0926874910818924,0.17830142400445848,-0.914386067077434
2016__KAL__LN_NF_RF,Grain_per_spike,GpS,219,0.08648035510475739,0.39869982976681484,0.0744000431591534,0.03324747941463804,0.041152563744515355,3.9884522239320557,0.005,2016,KAL,LN_NF_RF,LN,NF,RF,0.006999999999999999,-0.8865512732608699,-0.3810218992133502,0.5055293740475197
2016__KAL__LN_NF_RF,Spike_number,SN,220,0.07774692762790517,0.18741484140356018,0.039701742777410884,0.033018318284300865,0.006683424493110018,0.7572614626725701,0.235,2016,KAL,LN_NF_RF,LN,NF,RF,0.40673076923076923,0.4960650415244161,-0.37805430126023776,-0.8741193427846539
2016__KAL__LN_NF_RF,TGW,TGW,220,0.21785686266492144,0.25960679127480096,0.06812974318701986,0.033514655505130435,0.03461508768188943,3.285704525765714,0.02,2016,KAL,LN_NF_RF,LN,NF,RF,0.04,0.32745261211424515,-0.11780619967409808,-0.44525881178834326
2016__KIE__HN_NF_RF,Harvest_Index,HI,216,0.4845388567589659,0.650111337358149,0.2040833997707673,0.0332469601264836,0.17083643964428372,18.201971277637053,0.005,2016,KIE,HN_NF_RF,HN,NF,RF,0.005,-0.012154344259423048,0.013457637274320465,0.025611981533743514
2016__KIE__HN_NF_RF,Straw,Straw,216,0.4100442466335701,0.5329868181331047,0.1311212680014519,0.033767847441564816,0.09735342055988709,10.868798720053967,0.005,2016,KIE,HN_NF_RF,HN,NF,RF,0.008333333333333333,1.385684682437097,0.9781535068564889,-0.40753117558060803
2016__KIE__HN_NF_RF,Biomass,SDM,216,0.8454640750240388,0.8998011407613807,0.3930305398871523,0.03303474961616411,0.3599957902709882,38.57099164532455,0.005,2016,KIE,HN_NF_RF,HN,NF,RF,0.005,1.0903567515844068,1.1719175102421269,0.08156075865772006
2016__KIE__HN_NF_RF,Grain,GN,216,0.7580995795085289,0.8555960418676096,0.3410974966893193,0.03386965729183062,0.3072278393974887,31.25813024995663,0.005,2016,KIE,HN_NF_RF,HN,NF,RF,0.005,0.6924331667098115,0.8085346739254069,0.11610150721559542
2016__KIE__HN_NF_RF,Crude_protein,GP,216,0.1637184186399808,-0.4904011717215017,0.10310942498998733,0.03361320837370234,0.069496216616285,7.8870124529853545,0.005,2016,KIE,HN_NF_RF,HN,NF,RF,0.005921052631578947,-0.7632648687153653,-0.5197360711947099,0.24352879752065537
2016__KIE__HN_NF_RF,Grain_per_spike,GpS,216,0.2105183709057113,0.4370175877302659,0.08683033532404599,0.034528975030602795,0.0523013602934432,5.230235188753085,0.005,2016,KIE,HN_NF_RF,HN,NF,RF,0.006999999999999999,0.11634435761797356,-0.08207911765680287,-0.19842347527477644
2016__KIE__HN_NF_RF,Spike_number,SN,216,3.7626678854341795e-4,0.05248335893497183,0.028265243892440207,0.03319071633857605,0,-0.591268333889531,0.705,2016,KIE,HN_NF_RF,HN,NF,RF,0.7737804878048781,-0.5982832658276435,-0.6769486151522218,-0.07866534932457836
2016__KIE__HN_NF_RF,TGW,TGW,216,0.32772022969373155,0.47730027745031495,0.10675492509463624,0.03328545489998408,0.07346947019465216,7.4290119344061205,0.005,2016,KIE,HN_NF_RF,HN,NF,RF,0.013999999999999999,1.0539284257616979,0.7339261283217994,-0.3200022974398985
2016__KIE__HN_WF_RF,Harvest_Index,HI,216,0.5007643129277315,0.7040450588837684,0.20829461588186918,0.035190506724245604,0.1731041091576236,18.334766839958757,0.005,2016,KIE,HN_WF_RF,HN,WF,RF,0.005,0.09300326291198356,0.05177270941814024,-0.041230553493843324
2016__KIE__HN_WF_RF,Straw,Straw,216,0.05209787797769876,0.15479703259148117,0.04446687084229241,0.03406235166518128,0.010404519177111125,1.0276015174443882,0.13,2016,KIE,HN_WF_RF,HN,WF,RF,0.1625,-0.8146585372016832,-0.9893579296844337,-0.17469939248275046
2016__KIE__HN_WF_RF,Biomass,SDM,216,0.6586315202592935,0.7909072506221793,0.25292582747858966,0.033036675838243386,0.21988915164034628,23.072511831060613,0.005,2016,KIE,HN_WF_RF,HN,WF,RF,0.005,0.1847437170374312,-0.20810595793434145,-0.39284967497177264
2016__KIE__HN_WF_RF,Grain,GN,216,0.5798371857142125,0.7406911251622429,0.24260942663168966,0.03438648385149601,0.20822294278019365,20.618856041803035,0.005,2016,KIE,HN_WF_RF,HN,WF,RF,0.005,-1.0797744580923607,-0.8335832085537149,0.2461912495386458
2016__KIE__HN_WF_RF,Crude_protein,GP,216,0.5730770552319654,-0.748331130401648,0.24052861177182758,0.0338533363123914,0.20667527545943618,23.027677534009015,0.005,2016,KIE,HN_WF_RF,HN,WF,RF,0.005921052631578947,1.4174585987011106,1.7226863269756953,0.3052277282745848
2016__KIE__HN_WF_RF,Grain_per_spike,GpS,216,0.15956087815463008,0.42507412567427566,0.08073534185089522,0.03262920902406342,0.0481061328268318,5.462729662093206,0.005,2016,KIE,HN_WF_RF,HN,WF,RF,0.006999999999999999,-0.29566680291694586,-0.19456955217386707,0.10109725074307879
2016__KIE__HN_WF_RF,Spike_number,SN,216,0.00254463763732718,0.04828111789852224,0.04132963770603644,0.03377823462670743,0.007551403079329007,0.7751551386876111,0.195,2016,KIE,HN_WF_RF,HN,WF,RF,0.36562500000000003,-0.5676133330348394,-0.3392367962119933,0.2283765368228461
2016__KIE__HN_WF_RF,TGW,TGW,216,0.0770467571248887,0.22248538325057451,0.04735304816951077,0.03346897715052332,0.013884071018987448,1.3275218441457297,0.11,2016,KIE,HN_WF_RF,HN,WF,RF,0.154,-0.6036597209453591,-0.5722537019144246,0.03140601903093454
2016__KIE__LN_NF_RF,Harvest_Index,HI,215,0.32292318037233037,0.5611787292617547,0.15174312027271672,0.035049829209002153,0.11669329106371457,10.964726637153847,0.005,2016,KIE,LN_NF_RF,LN,NF,RF,0.005,-1.0595897835737906,-0.9013576088426922,0.1582321747310984
2016__KIE__LN_NF_RF,Straw,Straw,215,0.10528966696157459,0.275539134004685,0.09509654478652967,0.033637436579063706,0.06145910820746596,7.192259347081246,0.005,2016,KIE,LN_NF_RF,LN,NF,RF,0.008333333333333333,-0.4876816421136651,0.165923922157555,0.6536055642712201
2016__KIE__LN_NF_RF,Biomass,SDM,215,0.6170623757518202,0.7550629090294382,0.25699824429618995,0.03447820213442279,0.22252004216176716,21.235854430659824,0.005,2016,KIE,LN_NF_RF,LN,NF,RF,0.005,-0.016749856437153803,-0.18219219183982188,-0.1654423354026681
2016__KIE__LN_NF_RF,Grain,GN,215,0.7129024424881871,0.8237665724842427,0.30924480895525225,0.03458672112993111,0.27465808782532114,26.77659046964916,0.005,2016,KIE,LN_NF_RF,LN,NF,RF,0.005,0.24310277715441192,0.2683253175003439,0.025222540345931965
2016__KIE__LN_NF_RF,Crude_protein,GP,215,0.3587333997441694,-0.5832874495882537,0.1357638866896196,0.03343782106656643,0.10232606562305319,9.749075384969458,0.005,2016,KIE,LN_NF_RF,LN,NF,RF,0.005921052631578947,0.27561328793523693,0.01692301775197672,-0.2586902701832602
2016__KIE__LN_NF_RF,Grain_per_spike,GpS,215,0.17579357934165415,0.40551570914535495,0.07743958846500291,0.03457622138901614,0.04286336707598677,4.594859505467763,0.005,2016,KIE,LN_NF_RF,LN,NF,RF,0.006999999999999999,-0.16441909637548838,-0.3351485796705825,-0.1707294832950941
2016__KIE__LN_NF_RF,Spike_number,SN,215,3.340138700947535e-4,0.0068499601535898,0.02137266024129675,0.03512918349344889,0,-1.3742927135723573,0.945,2016,KIE,LN_NF_RF,LN,NF,RF,0.9664772727272727,-0.5988809007616527,-0.6769486151522218,-0.07806771439056914
2016__KIE__LN_NF_RF,TGW,TGW,215,0.16333077915678254,0.26334371754932506,0.058089984771404715,0.033095502493560205,0.02499448227784451,2.752245039154426,0.01,2016,KIE,LN_NF_RF,LN,NF,RF,0.023333333333333334,-0.03310324879612099,-0.32870083002436806,-0.2955975812282471
2016__QLB__HN_NF_RF,Harvest_Index,HI,220,0.7864897070331639,0.8786575229766205,0.3513070167841766,0.03269238710362401,0.3186146296805526,33.74193090998163,0.005,2016,QLB,HN_NF_RF,HN,NF,RF,0.005,1.9447970392912324,2.510352347554852,0.5655553082636198
2016__QLB__HN_NF_RF,Straw,Straw,220,0.39429283762633427,0.6052303860523038,0.16006082416011472,0.034227892707038694,0.12583293145307603,11.905017952258742,0.005,2016,QLB,HN_NF_RF,HN,NF,RF,0.008333333333333333,1.2888587078114147,1.622598261169865,0.3337395533584504
2016__QLB__HN_NF_RF,Biomass,SDM,220,0.77058040188732,0.866932261936291,0.3907876693294645,0.03219969637047633,0.3585879729589882,43.572684180253034,0.005,2016,QLB,HN_NF_RF,HN,NF,RF,0.005,0.7273813025104519,1.1580507802395112,0.4306694777290594
2016__QLB__HN_NF_RF,Grain,GN,220,0.8524110202914428,0.9174058817894435,0.4430247943608238,0.03214911997439983,0.410875674386424,45.32532273053172,0.005,2016,QLB,HN_NF_RF,HN,NF,RF,0.005,1.6300367234891968,2.5276613952379305,0.8976246717487337
2016__QLB__HN_NF_RF,Crude_protein,GP,220,0.04187138665872192,-0.240637203248001,0.05507490153118831,0.03232544584264141,0.022749455688546902,2.529946801667704,0.02,2016,QLB,HN_NF_RF,HN,NF,RF,0.02142857142857143,-1.4123648468878542,-1.2838904882776683,0.12847435861018597
2016__QLB__HN_NF_RF,Grain_per_spike,GpS,220,0.4006269715645323,0.6214050252728738,0.14022795520273265,0.03238400685438626,0.10784394834834639,11.139647733751396,0.005,2016,QLB,HN_NF_RF,HN,NF,RF,0.006999999999999999,1.6534463804298878,1.4072346118666765,-0.24621176856321125
2016__QLB__HN_NF_RF,Spike_number,SN,220,0.11898982213290146,0.3398578858691671,0.0719422458087257,0.032101337902576965,0.039840907906148734,4.130369858057521,0.005,2016,QLB,HN_NF_RF,HN,NF,RF,0.03214285714285715,1.0794139660676665,1.1048057602758696,0.025391794208203144
2016__QLB__HN_NF_RF,TGW,TGW,220,0.5724979654119337,0.7142807233057032,0.22459606450919872,0.032382817636617385,0.19221324687258134,21.087973825821827,0.005,2016,QLB,HN_NF_RF,HN,NF,RF,0.013999999999999999,2.672530781832124,3.3369249872457876,0.6643942054136636
2016__QLB__HN_WF_RF,Harvest_Index,HI,220,0.40116944458277737,0.6116080535097457,0.17996990368242313,0.03403407558085893,0.1459358281015642,14.713955248431462,0.005,2016,QLB,HN_WF_RF,HN,WF,RF,0.005,-0.5524736921130309,-0.40726889367390307,0.1452047984391278
2016__QLB__HN_WF_RF,Straw,Straw,220,0.00492461766523067,0.13644421654091277,0.039005005532129204,0.03328953477165086,0.005715470760478347,0.6226092440240832,0.265,2016,QLB,HN_WF_RF,HN,WF,RF,0.2839285714285714,-1.1046387481102757,-1.0954634265854752,0.009175321524800495
2016__QLB__HN_WF_RF,Biomass,SDM,220,0.34341539073321925,0.6084524661478731,0.1451616377763313,0.03333900058619732,0.11182263719013397,11.803661316476468,0.005,2016,QLB,HN_WF_RF,HN,WF,RF,0.005,-1.3431689958070157,-1.272540359636618,0.07062863617039761
2016__QLB__HN_WF_RF,Grain,GN,220,0.4444139302339073,0.6544496599291121,0.18150795993540983,0.03320386798395245,0.14830409195145738,16.74571849109946,0.005,2016,QLB,HN_WF_RF,HN,WF,RF,0.005,-2.426093896698381,-1.827410986828254,0.5986829098701272
2016__QLB__HN_WF_RF,Crude_protein,GP,220,0.31035672099459033,-0.5529761133306661,0.13864731994943236,0.03224550702321435,0.106401812926218,11.943579760926838,0.005,2016,QLB,HN_WF_RF,HN,WF,RF,0.005921052631578947,0.017902446646636,0.08354796123077296,0.06564551458413696
2016__QLB__HN_WF_RF,Grain_per_spike,GpS,220,0.11345398827458124,0.32487673486867685,0.05881479151769161,0.03287326781291439,0.025941523704777217,2.6764234797448503,0.015,2016,QLB,HN_WF_RF,HN,WF,RF,0.01909090909090909,-0.6684589514814292,-0.7888892954736786,-0.12043034399224939
2016__QLB__HN_WF_RF,Spike_number,SN,220,0.012522665122926551,0.11021339659534664,0.04371689543274518,0.03311602821768443,0.010600867215060747,1.0996188087826366,0.145,2016,QLB,HN_WF_RF,HN,WF,RF,0.31071428571428567,-0.4264818321387941,-0.20285948073137586,0.22362235140741824
2016__QLB__HN_WF_RF,TGW,TGW,220,3.138282003824044e-4,0.012257202909902346,0.03493020880037172,0.032112701601226666,0.0028175071991450515,0.30735584497118995,0.36,2016,QLB,HN_WF_RF,HN,WF,RF,0.3978947368421053,-1.111059216168955,-0.8148453879898216,0.29621382817913333
2016__QLB__LN_NF_RF,Harvest_Index,HI,220,0.6312213106515278,0.7733307788102309,0.26325621999655197,0.03326556598135279,0.2299906540151992,22.959356508836677,0.005,2016,QLB,LN_NF_RF,LN,NF,RF,0.005,0.9384984882362862,1.0129410178549685,0.07444252961868225
2016__QLB__LN_NF_RF,Straw,Straw,220,0.27391858984569656,0.5495861109076259,0.1393713266169137,0.03332727182640671,0.10604405479050699,10.419945851237987,0.005,2016,QLB,LN_NF_RF,LN,NF,RF,0.008333333333333333,0.548902437496839,1.1748083462806689,0.6259059087838299
2016__QLB__LN_NF_RF,Biomass,SDM,220,0.719860237011746,0.8664814637417377,0.3497550280305593,0.03318034111774698,0.3165746869128123,35.966262057269695,0.005,2016,QLB,LN_NF_RF,LN,NF,RF,0.005,0.48153098759328433,0.7442279857909024,0.2626969981976181
2016__QLB__LN_NF_RF,Grain,GN,220,0.6273843433472026,0.7771580554819878,0.2607484926175938,0.03221645414572771,0.2285320384718661,24.348186538305733,0.005,2016,QLB,LN_NF_RF,LN,NF,RF,0.005,-0.6070811799347638,-0.4967318976413904,0.11034928229337343
2016__QLB__LN_NF_RF,Crude_protein,GP,220,0.2075428519232762,-0.45593616697565126,0.11222416287123901,0.03304280311948654,0.07918135975175247,8.222047912280676,0.005,2016,QLB,LN_NF_RF,LN,NF,RF,0.005921052631578947,-0.5298046175704374,-0.36141612003298834,0.16838849753744906
2016__QLB__LN_NF_RF,Grain_per_spike,GpS,220,0.06323852488916355,0.1590641429481075,0.04392787441881251,0.0318277862951723,0.012100088123640211,1.3281836986542335,0.105,2016,QLB,LN_NF_RF,LN,NF,RF,0.11025,-1.074470515811892,-1.1600322466614268,-0.08556173084953489
2016__QLB__LN_NF_RF,Spike_number,SN,220,0.0642062270496508,0.2773344302756068,0.06339183062033209,0.03386537846325808,0.029526452157074008,3.090129092189656,0.01,2016,QLB,LN_NF_RF,LN,NF,RF,0.05,0.3045422782777689,0.6435254424586887,0.3389831641809198
2016__QLB__LN_NF_RF,TGW,TGW,220,0.49888518894834705,0.6839566557535937,0.2225541407488237,0.03332978767139755,0.18922435307742616,20.191475661220057,0.005,2016,QLB,LN_NF_RF,LN,NF,RF,0.013999999999999999,2.1857634168540576,3.271405030277129,1.0856416134230713
2017__GGE__HN_NF_RF,Harvest_Index,HI,220,0.34670652305977423,0.6035297498633518,0.1715475244649328,0.034115584151036264,0.13743194031389652,14.372519513957396,0.005,2017,GGE,HN_NF_RF,HN,NF,RF,0.005,-0.9054493155625642,-0.5509525619380452,0.35449675362451905
2017__GGE__HN_NF_RF,Straw,Straw,220,0.06122151346433704,0.2097361140068634,0.06534817494304207,0.033453247593535226,0.031894927349506844,3.3495204866805177,0.015,2017,GGE,HN_NF_RF,HN,NF,RF,0.021774193548387097,-0.7585743546553855,-0.5030651395204742,0.2555092151349113
2017__GGE__HN_NF_RF,Biomass,SDM,220,0.5129135474541854,0.7173822148842294,0.2264208500454792,0.031483093968961734,0.19493775607651748,23.503220405812897,0.005,2017,GGE,HN_NF_RF,HN,NF,RF,0.005,-0.5215790954201377,-0.4538724096769587,0.06770668574317901
2017__GGE__HN_NF_RF,Grain,GN,220,0.6180603546501664,0.750568850971752,0.26203614124870683,0.0317871756334226,0.23024896561528424,26.502958041344122,0.005,2017,GGE,HN_NF_RF,HN,NF,RF,0.005,-0.6997762431544505,-0.46825455094995194,0.23152169220449859
2017__GGE__HN_NF_RF,Crude_protein,GP,220,0.28686819846274925,-0.5099384096966691,0.0998417593005005,0.03253892077673986,0.06730283852376065,7.2534152657420785,0.005,2017,GGE,HN_NF_RF,HN,NF,RF,0.005921052631578947,-0.10722492998956382,-0.555590524518789,-0.4483655945292252
2017__GGE__HN_NF_RF,Grain_per_spike,GpS,220,0.16126841894634547,0.37240326152493763,0.0634199885316665,0.0325608320558346,0.0308591564758319,3.3593573748024874,0.005,2017,GGE,HN_NF_RF,HN,NF,RF,0.006999999999999999,-0.28186067107502066,-0.6570283531019125,-0.3751676820268919
2017__GGE__HN_NF_RF,Spike_number,SN,220,0.00688741112947023,0.1624406214253112,0.029785993337899743,0.033012480290939075,0,-0.3497290824339472,0.62,2017,GGE,HN_NF_RF,HN,NF,RF,0.7153846153846153,-0.5061881523683931,-0.6769486151522218,-0.17076046278382873
2017__GGE__HN_NF_RF,TGW,TGW,220,0.08443351552523885,0.252661118092222,0.04624492528228303,0.032955710127525226,0.013289215154757804,1.3361247802278402,0.105,2017,GGE,HN_NF_RF,HN,NF,RF,0.15206896551724136,-0.5548144919646717,-0.5852936201243176,-0.03047912815964593
2017__GGE__HN_WF_RF,Harvest_Index,HI,220,0.2480414149885569,0.5197500324011202,0.13643628436844973,0.0323241991542091,0.10411208521424063,10.95327814472437,0.005,2017,GGE,HN_WF_RF,HN,WF,RF,0.005,-1.5449004698574023,-1.1139325925178347,0.43096787733956754
2017__GGE__HN_WF_RF,Straw,Straw,220,0.05388116122327907,0.250092695378755,0.039675447490970954,0.03297883417266407,0.006696613318306885,0.6808427734365904,0.23,2017,GGE,HN_WF_RF,HN,WF,RF,0.25243902439024396,-0.8036964614783214,-1.07326177512462,-0.26956531364629865
2017__GGE__HN_WF_RF,Biomass,SDM,220,0.4029153693629863,0.6863887120132085,0.20577372507049568,0.03327590044925057,0.1724978246212451,17.32265310812038,0.005,2017,GGE,HN_WF_RF,HN,WF,RF,0.005,-1.05476124871908,-0.6749014225432658,0.37985982617581426
2017__GGE__HN_WF_RF,Grain,GN,220,0.6897158571748899,0.799220119123423,0.3011499383862035,0.03334242570788901,0.2678075126783145,29.271011780670637,0.005,2017,GGE,HN_WF_RF,HN,WF,RF,0.005,0.012591773623495034,0.15470010967197156,0.14210833604847653
2017__GGE__HN_WF_RF,Crude_protein,GP,220,0.4925174593822942,-0.69464846193291,0.19278221670371667,0.033578491952035265,0.1592037247516814,16.803588062791444,0.005,2017,GGE,HN_WF_RF,HN,WF,RF,0.005921052631578947,0.9883038539581368,0.946684002126197,-0.041619851831939836
2017__GGE__HN_WF_RF,Grain_per_spike,GpS,220,0.16978093429296529,0.4458292714537679,0.07696809186814538,0.033534082209540794,0.04343400965860458,4.438948155917189,0.005,2017,GGE,HN_WF_RF,HN,WF,RF,0.006999999999999999,-0.21303367159597497,-0.3198474231579735,-0.10681375156199852
2017__GGE__HN_WF_RF,Spike_number,SN,220,0.037124755087606084,0.17166846046781584,0.04266195250346842,0.032367685309616145,0.010294267193852277,1.084217265106822,0.14,2017,GGE,HN_WF_RF,HN,WF,RF,0.31071428571428567,-0.07850424970520671,-0.21657116447566693,-0.13806691477046024
2017__GGE__HN_WF_RF,TGW,TGW,220,0.023099892862275085,0.08721141871826804,0.020188277444290387,0.03476568093836331,0,-1.4672538532473236,0.935,2017,GGE,HN_WF_RF,HN,WF,RF,0.935,-0.9603854719287019,-0.8766083555285479,0.08377711640015406
2017__GGE__LN_NF_RF,Harvest_Index,HI,220,0.4414432341356897,0.6446109893329878,0.1910618274975573,0.03272569168049555,0.15833613581706174,17.811462721899638,0.005,2017,GGE,LN_NF_RF,LN,NF,RF,0.005,-0.2914582052719446,-0.19775040699411833,0.09370779827782627
2017__GGE__LN_NF_RF,Straw,Straw,220,0.040340249250753066,0.09662859300248504,0.03641602769620367,0.032901807130451245,0.0035142205657524225,0.38804456472655974,0.335,2017,GGE,LN_NF_RF,LN,NF,RF,0.35058139534883725,-0.8869342212532159,-1.145274118427858,-0.25833989717464223
2017__GGE__LN_NF_RF,Biomass,SDM,220,0.5493920737549474,0.6855738942765535,0.21147650672905358,0.031876514779286776,0.1795999919497668,18.32350185894802,0.005,2017,GGE,LN_NF_RF,LN,NF,RF,0.005,-0.3447607195186141,-0.6049464390816002,-0.2601857195629861
2017__GGE__LN_NF_RF,Grain,GN,220,0.6106973364172069,0.7792396161453373,0.24353141385591678,0.034263207868764196,0.2092682059871526,21.993702024228764,0.005,2017,GGE,LN_NF_RF,LN,NF,RF,0.005,-0.7729761860939818,-0.8162462336899393,-0.04327004759595754
2017__GGE__LN_NF_RF,Crude_protein,GP,220,0.38061082825198034,-0.6194789899866452,0.15528273739095505,0.032876749057494645,0.1224059883334604,13.160696010655574,0.005,2017,GGE,LN_NF_RF,LN,NF,RF,0.005921052631578947,0.39215809116913475,0.3451631210087851,-0.04699497016034965
2017__GGE__LN_NF_RF,Grain_per_spike,GpS,220,0.11148890728584099,0.34689484568614304,0.07960188412548372,0.03425375272717194,0.04534813139831178,4.776171995991772,0.005,2017,GGE,LN_NF_RF,LN,NF,RF,0.006999999999999999,-0.6843473960458215,-0.26852234294911853,0.415825053096703
2017__GGE__LN_NF_RF,Spike_number,SN,220,0.0019194615561592171,0.08156517133148883,0.030346209185322656,0.03402853952864208,0,-0.3609255938372533,0.585,2017,GGE,LN_NF_RF,LN,NF,RF,0.7153846153846153,-0.5764559663896665,-0.6769486151522218,-0.10049264876255537
2017__GGE__LN_NF_RF,TGW,TGW,220,0.07981791275985345,0.16009196283168886,0.05647809164602299,0.033996784970329444,0.02248130667569355,2.226005401680085,0.02,2017,GGE,LN_NF_RF,LN,NF,RF,0.04,-0.5853353458683891,-0.38379250225926737,0.20154284360912172
2017__HAN__HN_NF_RF,Harvest_Index,HI,220,0.6377740662130453,0.74233727593921,0.2290521174128873,0.03331506940708043,0.19573704800580688,20.092920355067122,0.005,2017,HAN,HN_NF_RF,HN,NF,RF,0.005,0.9809670689689991,0.4341841144723095,-0.5467829544966896
2017__HAN__HN_NF_RF,Straw,Straw,220,0.4792638564278312,0.5009156838326863,0.12981844272925727,0.033208619683059375,0.09660982304619789,9.684759540447025,0.005,2017,HAN,HN_NF_RF,HN,NF,RF,0.008333333333333333,1.811186691715118,0.9613271112482665,-0.8498595804668515
2017__HAN__HN_NF_RF,Biomass,SDM,220,0.8877343868941453,0.8774809396888366,0.4012102593063181,0.032379662469785866,0.36883059683653224,39.230780506334874,0.005,2017,HAN,HN_NF_RF,HN,NF,RF,0.005,1.2952490170257058,1.2589386572513865,-0.03631035977431929
2017__HAN__HN_NF_RF,Grain,GN,220,0.735212566846482,0.7856172836027792,0.2612282854050382,0.03169007315593655,0.22953821224910162,27.378039440226786,0.005,2017,HAN,HN_NF_RF,HN,NF,RF,0.005,0.4649003849194848,-0.4800432690085376,-0.9449436539280225
2017__HAN__HN_NF_RF,Crude_protein,GP,220,0.38848275583579417,-0.6290426736840918,0.16901016411956205,0.03396816183954111,0.13504200228002095,14.835941947483393,0.005,2017,HAN,HN_NF_RF,HN,NF,RF,0.005921052631578947,0.43409319569933685,0.5517200177852762,0.11762682208593939
2017__HAN__HN_NF_RF,Grain_per_spike,GpS,220,0.2032395714673935,0.40599561598755796,0.09175734674807531,0.03267510189961178,0.059082244848463535,6.244485109419468,0.005,2017,HAN,HN_NF_RF,HN,NF,RF,0.006999999999999999,0.05749243139523754,0.09974288271744845,0.04225045132221091
2017__HAN__HN_NF_RF,Spike_number,SN,220,0.037364217035874885,-0.09259958413866554,0.03945962556586919,0.03337044603316397,0.00608917953270522,0.6022038625373153,0.225,2017,HAN,HN_NF_RF,HN,NF,RF,0.405,-0.07511724518798706,-0.4046299646655874,-0.32951271947760036
2017__HAN__HN_NF_RF,TGW,TGW,220,0.32928870155292894,0.4284972078686825,0.10947175802029915,0.03346745700295518,0.07600430101734398,7.781384677374293,0.005,2017,HAN,HN_NF_RF,HN,NF,RF,0.013999999999999999,1.0643000073080269,0.7894925076608065,-0.2748074996472204
2017__HAN__HN_WF_RF,Harvest_Index,HI,220,0.16465143910074473,0.48019699881101974,0.11697950860550527,0.033518892690412375,0.08346061591509289,8.749325623865122,0.005,2017,HAN,HN_WF_RF,HN,WF,RF,0.005,-2.0853530916656164,-1.4628646266692031,0.6224884649964133
2017__HAN__HN_WF_RF,Straw,Straw,220,0.1754401390182359,0.4175754946101441,0.08473091428337604,0.03251150023669079,0.052219414046685245,5.507865954912696,0.005,2017,HAN,HN_WF_RF,HN,WF,RF,0.008333333333333333,-0.05645750056431736,-0.04315524551870993,0.013302255045607426
2017__HAN__HN_WF_RF,Biomass,SDM,220,0.6550286340320625,0.8358271865121181,0.3487893903021344,0.03218926578626789,0.3166001245158665,37.6039775560088,0.005,2017,HAN,HN_WF_RF,HN,WF,RF,0.005,0.16727984018000308,0.7444785412929973,0.5771987011129942
2017__HAN__HN_WF_RF,Grain,GN,220,0.5815797448507006,0.7365287412023914,0.23299237433590905,0.03369215920494558,0.19930021513096347,20.779275337197028,0.005,2017,HAN,HN_WF_RF,HN,WF,RF,0.005,-1.0624506887733187,-0.9815776122035665,0.08087307656975218
2017__HAN__HN_WF_RF,Crude_protein,GP,220,0.25174469242430003,-0.5059939254943284,0.1336143187841014,0.03317310900858018,0.10044120977552123,10.824004657841515,0.005,2017,HAN,HN_WF_RF,HN,WF,RF,0.005921052631578947,-0.2943338536308496,-0.013888120664279675,0.2804457329665699
2017__HAN__HN_WF_RF,Grain_per_spike,GpS,220,0.11963276674583093,0.33491262967491814,0.05813883864174201,0.03343504962861906,0.02470378901312295,2.766308550524154,0.015,2017,HAN,HN_WF_RF,HN,WF,RF,0.01909090909090909,-0.6185011228837154,-0.8220777970243455,-0.20357667414063008
2017__HAN__HN_WF_RF,Spike_number,SN,220,0.011030387730825259,-0.011829514788726733,0.028651401941765676,0.03247958488910735,0,-0.4216241258106875,0.64,2017,HAN,HN_WF_RF,HN,WF,RF,0.72,-0.44758894458205484,-0.6769486151522218,-0.22935967057016698
2017__HAN__HN_WF_RF,TGW,TGW,220,0.11461002955163165,0.27626829254548835,0.05083567230271297,0.033686345213541996,0.017149327089170975,1.9640696910187503,0.055,2017,HAN,HN_WF_RF,HN,WF,RF,0.0924,-0.3552711120988552,-0.5006755690423703,-0.14540445694351511
2017__HAN__LN_NF_RF,Harvest_Index,HI,220,0.46980758098278264,0.6488327144249787,0.19990615950232615,0.03182906334336683,0.16807709615895933,19.106661492269257,0.005,2017,HAN,LN_NF_RF,LN,NF,RF,0.005,-0.1076281291005301,-0.03316487279068011,0.07446325630984998
2017__HAN__LN_NF_RF,Straw,Straw,220,0.3214920450202874,0.4812845494553794,0.09404951424491761,0.03333131224220892,0.06071820200270869,6.498862919337195,0.005,2017,HAN,LN_NF_RF,LN,NF,RF,0.008333333333333333,0.841342698649027,0.1491584264689249,-0.6921842721801021
2017__HAN__LN_NF_RF,Biomass,SDM,220,0.7938619483887961,0.8405008367941487,0.34813621527534144,0.03265888566608361,0.31547732960925784,33.57481985005196,0.005,2017,HAN,LN_NF_RF,LN,NF,RF,0.005,0.8402313997683777,0.733419227214713,-0.10681217255366471
2017__HAN__LN_NF_RF,Grain,GN,220,0.710615394253732,0.8295419326845597,0.31377344780854177,0.03203560994423533,0.28173783786430645,33.2919917337125,0.005,2017,HAN,LN_NF_RF,LN,NF,RF,0.005,0.22036593270213595,0.3857516725566972,0.16538573985456123
2017__HAN__LN_NF_RF,Crude_protein,GP,220,0.3935372853933715,-0.6268630644134271,0.17655196559503783,0.03412856230505025,0.1424234032899876,14.89695121013922,0.005,2017,HAN,LN_NF_RF,LN,NF,RF,0.005921052631578947,0.46101953910013704,0.6723814299148962,0.2113618908147592
2017__HAN__LN_NF_RF,Grain_per_spike,GpS,220,0.13351479240012634,0.3493325369231896,0.05496889662622117,0.03307943862734374,0.021889457998877426,2.3569402105775508,0.03,2017,HAN,LN_NF_RF,LN,NF,RF,0.03405405405405405,-0.5062595428605221,-0.8975410040106031,-0.391281461150081
2017__HAN__LN_NF_RF,Spike_number,SN,220,7.806624626947777e-4,-0.028812774722837657,0.0349254846603648,0.03354604419827532,0.0013794404620894804,0.14422250758579827,0.425,2017,HAN,LN_NF_RF,LN,NF,RF,0.6375,-0.5925634010015324,-0.6152576495557486,-0.0226942485542162
2017__HAN__LN_NF_RF,TGW,TGW,220,0.07416437692444271,0.11678603427193275,0.06824026539498769,0.03259520314270916,0.03564506225227853,3.7782309960770717,0.005,2017,HAN,LN_NF_RF,LN,NF,RF,0.013999999999999999,-0.6227195728140097,-0.09522798373344009,0.5274915890805696
2017__KAL__HN_NF_RF,Harvest_Index,HI,220,0.3895916933163016,0.661510286651302,0.18394351439667195,0.032735025438520436,0.1512084889581515,16.90864003467898,0.005,2017,KAL,HN_NF_RF,HN,NF,RF,0.005,-0.627509401861026,-0.3181807880563897,0.3093286138046363
2017__KAL__HN_NF_RF,Straw,Straw,220,0.00415282378470632,-0.08571589570783769,0.04455802474715097,0.033531741424384025,0.011026283322766943,1.1356287652665362,0.14,2017,KAL,HN_NF_RF,HN,NF,RF,0.17027027027027028,-1.1093830662000148,-0.975288423940785,0.13409464225922985
2017__KAL__HN_NF_RF,Biomass,SDM,220,0.24054462119975095,0.6993773349937734,0.21203023218110695,0.03311258909892911,0.17891764308217784,18.00741528683204,0.005,2017,KAL,HN_NF_RF,HN,NF,RF,0.005,-1.8418032401478526,-0.6116674443099026,1.23013579583795
2017__KAL__HN_NF_RF,Grain,GN,220,0.4913680139622788,0.6685393574998731,0.19079836761851762,0.03256525758028299,0.15823311003823465,17.85641017711,0.005,2017,KAL,HN_NF_RF,HN,NF,RF,0.005,-1.9592967028099602,-1.6627260195909128,0.29657068321904734
2017__KAL__HN_NF_RF,Crude_protein,GP,220,0.18062743562460945,-0.46918625290905713,0.09438905942391203,0.032738862449900825,0.0616501969740112,6.4219197458559965,0.005,2017,KAL,HN_NF_RF,HN,NF,RF,0.005921052631578947,-0.673187643384765,-0.647992456175719,0.02519518720904601
2017__KAL__HN_NF_RF,Grain_per_spike,GpS,220,0.08074008491499302,0.23481739855631878,0.06612307341612328,0.03232638076141716,0.03379669265470612,3.472465002933948,0.005,2017,KAL,HN_NF_RF,HN,NF,RF,0.006999999999999999,-0.9329635917440755,-0.5782615344249584,0.3547020573191171
2017__KAL__HN_NF_RF,Spike_number,SN,220,0.002730850226246089,0.0785019975994996,0.022377710642562217,0.03439363345243602,0,-1.3580628628888052,0.925,2017,KAL,HN_NF_RF,HN,NF,RF,0.9664772727272727,-0.5649794996245995,-0.6769486151522218,-0.11196911552762234
2017__KAL__HN_NF_RF,TGW,TGW,220,0.12954665785937639,0.2607664696302891,0.06946927135167359,0.032799867615716786,0.036669403735956806,4.217346968102443,0.005,2017,KAL,HN_NF_RF,HN,NF,RF,0.013999999999999999,-0.25650207291427524,-0.07277325147075427,0.18372882144352098
2017__KAL__HN_WF_RF,Harvest_Index,HI,220,0.24363004179679867,0.5085386813025814,0.12832360453188094,0.032552378213632154,0.09577122631824878,10.198174059434304,0.005,2017,KAL,HN_WF_RF,HN,WF,RF,0.005,-1.573490695263723,-1.254861686665537,0.318629008598186
2017__KAL__HN_WF_RF,Straw,Straw,220,1.2490084352004852e-4,-0.0705251235468802,0.08736502668883932,0.03252648548623801,0.05483854120260131,5.755261614085564,0.005,2017,KAL,HN_WF_RF,HN,WF,RF,0.008333333333333333,-1.1341432361834332,0.01611131853290401,1.1502545547163372
2017__KAL__HN_WF_RF,Biomass,SDM,220,0.45339067866668176,0.5803373097490745,0.15810307372188537,0.03361912601924016,0.1244839477026452,14.848628994306349,0.005,2017,KAL,HN_WF_RF,HN,WF,RF,0.005,-0.8100977954693235,-1.147828884035536,-0.3377310885662125
2017__KAL__HN_WF_RF,Grain,GN,220,0.5178024137740119,0.6751379160726462,0.1942837953073503,0.033232661690775434,0.16105113361657486,16.363538849546856,0.005,2017,KAL,HN_WF_RF,HN,WF,RF,0.005,-1.6964973321391272,-1.6159856353336772,0.08051169680545
2017__KAL__HN_WF_RF,Crude_protein,GP,220,0.6542867074181414,-0.8019249082907423,0.2744952184600717,0.03312091120560752,0.24137430725446418,27.307193575762188,0.005,2017,KAL,HN_WF_RF,HN,WF,RF,0.005921052631578947,1.8500763047241022,2.289900351828896,0.43982404710479384
2017__KAL__HN_WF_RF,Grain_per_spike,GpS,220,0.04771659386549791,0.22197866597544277,0.0541204588597924,0.03222251854441723,0.021897940315375168,2.095743687940118,0.035,2017,KAL,HN_WF_RF,HN,WF,RF,0.0386842105263158,-1.1999713689649887,-0.8973135599742222,0.30265780899076644
2017__KAL__HN_WF_RF,Spike_number,SN,220,0.027766622025155886,0.20332012870288457,0.03216021322892072,0.033575631249428355,0,-0.13891688780474554,0.54,2017,KAL,HN_WF_RF,HN,WF,RF,0.7147058823529412,-0.21086782222438646,-0.6769486151522218,-0.46608079292783533
2017__KAL__HN_WF_RF,TGW,TGW,220,0.0017965860619860452,0.055074015428568206,0.043630972103441135,0.03280864702655313,0.010822325076888004,1.0513837968253887,0.165,2017,KAL,HN_WF_RF,HN,WF,RF,0.20382352941176474,-1.1012544217858717,-0.639370660938024,0.46188376084784777
2017__KAL__LN_NF_RF,Harvest_Index,HI,220,0.34951531155305104,0.5582110073649156,0.12104385035398141,0.03438663131229231,0.0866572190416891,8.877918912484212,0.005,2017,KAL,LN_NF_RF,LN,NF,RF,0.005,-0.8872454836375083,-1.4088540758855903,-0.521608592248082
2017__KAL__LN_NF_RF,Straw,Straw,220,1.872101620600001e-4,0.025982880938561843,0.037145892726886134,0.03493852952035778,0.002207363206528354,0.23445979789849347,0.41,2017,KAL,LN_NF_RF,LN,NF,RF,0.41,-1.133760212639754,-1.1748461631496372,-0.041085950509883284
2017__KAL__LN_NF_RF,Biomass,SDM,220,0.42300971421872147,0.6361224593295504,0.17740612111558066,0.032805210344237584,0.14460091077134307,15.701091499766305,0.005,2017,KAL,LN_NF_RF,LN,NF,RF,0.005,-0.9573601258529403,-0.9496806634046063,0.007679462448333951
2017__KAL__LN_NF_RF,Grain,GN,220,0.6411657055705879,0.7512405402816362,0.2594985836022142,0.03165810261088627,0.2278404809913279,24.22784142052164,0.005,2017,KAL,LN_NF_RF,LN,NF,RF,0.005,-0.47007283682553536,-0.5082022283457771,-0.03812939152024175
2017__KAL__LN_NF_RF,Crude_protein,GP,220,0.3290363707172596,-0.5823253297870542,0.1438732820834543,0.033280627627371176,0.11059265445608311,11.49016657597687,0.005,2017,KAL,LN_NF_RF,LN,NF,RF,0.005921052631578947,0.11741213539407544,0.152054313388338,0.03464217799426256
2017__KAL__LN_NF_RF,Grain_per_spike,GpS,220,0.05076704097036466,0.2477305128392961,0.039681538992592205,0.03409007940779609,0.005591459584796114,0.5989893490602168,0.24,2017,KAL,LN_NF_RF,LN,NF,RF,0.24585365853658536,-1.1753073169488137,-1.334553999837333,-0.1592466828885193
2017__KAL__LN_NF_RF,Spike_number,SN,220,0.005886807309113051,0.09405678930255884,0.03462045571040197,0.032914762900023126,0.0017056928103788421,0.18711082691781783,0.405,2017,KAL,LN_NF_RF,LN,NF,RF,0.6375,-0.5203409214575878,-0.6006670797216574,-0.08032615826406964
2017__KAL__LN_NF_RF,TGW,TGW,220,0.07050039421866484,0.24013569025656054,0.04441906013988423,0.03248424928584508,0.011934810854039156,1.4069801973359022,0.095,2017,KAL,LN_NF_RF,LN,NF,RF,0.14777777777777779,-0.6469478018348093,-0.614983705347518,0.03196409648729126
2017__KIE__HN_NF_RF,Harvest_Index,HI,215,0.33729813061762354,0.6297870028254728,0.16255331213029892,0.03384823761088073,0.12870507451941818,13.75681622221487,0.005,2017,KIE,HN_NF_RF,HN,NF,RF,0.005,-0.9664253538480495,-0.6984037185276151,0.26802163532043444
2017__KIE__HN_NF_RF,Straw,Straw,215,0.43851840170493595,0.5410297278369437,0.12677541130714332,0.03436201714158391,0.09241339416555941,10.240224742596927,0.005,2017,KIE,HN_NF_RF,HN,NF,RF,0.008333333333333333,1.5607190438178025,0.8663687887855241,-0.6943502550322783
2017__KIE__HN_NF_RF,Biomass,SDM,215,0.8414201832181241,0.9042273418821997,0.4050150925816802,0.03514581582437871,0.3698692767573015,37.630726987222076,0.005,2017,KIE,HN_NF_RF,HN,NF,RF,0.005,1.0707552365575133,1.2691694548823547,0.1984142183248414
2017__KIE__HN_NF_RF,Grain,GN,215,0.7179139188573815,0.7864304861262046,0.27903357931145467,0.03457222892800594,0.24446135038344874,23.596349098721234,0.005,2017,KIE,HN_NF_RF,HN,NF,RF,0.005,0.29292470787104863,-0.23252468325773268,-0.5254493911287813
2017__KIE__HN_NF_RF,Crude_protein,GP,215,0.3050979513556307,-0.5874761525272285,0.1534685525849014,0.03398184193589742,0.11948671064900399,12.443854884903208,0.005,2017,KIE,HN_NF_RF,HN,NF,RF,0.005921052631578947,-0.010111918597712733,0.29744261817614054,0.30755453677385325
2017__KIE__HN_NF_RF,Grain_per_spike,GpS,215,0.08138383949611182,0.26449081117631434,0.04838506549829553,0.03349774933081748,0.01488731616747805,1.3955298015325155,0.085,2017,KIE,HN_NF_RF,HN,NF,RF,0.09153846153846154,-0.9277585854192539,-1.08529577617328,-0.15753719075402606
2017__KIE__HN_NF_RF,Spike_number,SN,215,0.010899016037826585,0.11659002770836209,0.03579397732351229,0.03424214705633937,0.0015518302671729198,0.159994390097194,0.415,2017,KIE,HN_NF_RF,HN,NF,RF,0.6375,-0.4494470958283724,-0.607548079025625,-0.15810098319725263
2017__KIE__HN_NF_RF,TGW,TGW,215,0.19881772753669968,0.46821946919751756,0.09015827656914259,0.03462788710767869,0.0555303894614639,5.059451098739992,0.005,2017,KIE,HN_NF_RF,HN,NF,RF,0.013999999999999999,0.20155558604010715,0.3406810422632085,0.13912545622310135
2017__KIE__HN_WF_RF,Harvest_Index,HI,216,0.329770579891353,0.5656295026137487,0.14710686255617023,0.033150254355470504,0.11395660820069972,12.115821236672257,0.005,2017,KIE,HN_WF_RF,HN,WF,RF,0.005,-1.0152116076212905,-0.9475972397564292,0.0676143678648613
2017__KIE__HN_WF_RF,Straw,Straw,216,0.2253223173090074,0.388299455816335,0.08286098916872787,0.03440197047801911,0.04845901869070877,5.16940995722733,0.005,2017,KIE,HN_WF_RF,HN,WF,RF,0.008333333333333333,0.250174784029224,-0.12824684243524914,-0.37842162646447314
2017__KIE__HN_WF_RF,Biomass,SDM,216,0.757565874858695,0.8345586396599148,0.29810719130336705,0.03451796895053027,0.26358922235283677,27.763072161529564,0.005,2017,KIE,HN_WF_RF,HN,WF,RF,0.005,0.6642974072523286,0.2223313413516226,-0.441966065900706
2017__KIE__HN_WF_RF,Grain,GN,216,0.7077565246637341,0.8142809511901784,0.2709155632111739,0.03548080712824275,0.23543475608293113,21.157437358822378,0.005,2017,KIE,HN_WF_RF,HN,WF,RF,0.005,0.19194428763236732,-0.3822418429661215,-0.5741861305984888
2017__KIE__HN_WF_RF,Crude_protein,GP,216,0.48686132224691375,-0.6425451600995487,0.18922127315460963,0.0331987519944871,0.15602252116012252,15.415336389416643,0.005,2017,KIE,HN_WF_RF,HN,WF,RF,0.005921052631578947,0.9581726441008402,0.8946818798853071,-0.06349076421553312
2017__KIE__HN_WF_RF,Grain_per_spike,GpS,216,0.05689586379804501,0.23984091260910462,0.06299842088082577,0.0338277771149837,0.029170643765842073,2.8380992008417416,0.02,2017,KIE,HN_WF_RF,HN,WF,RF,0.024,-1.1257533991711006,-0.7023039740178297,0.4234494251532709
2017__KIE__HN_WF_RF,Spike_number,SN,216,0.024450976904368663,0.19397468414722727,0.06171118731262742,0.0329269789368367,0.028784208375790717,3.2445299671587025,0.005,2017,KIE,HN_WF_RF,HN,WF,RF,0.03214285714285715,-0.2577650644910268,0.6103310155633194,0.8680960800543462
2017__KIE__HN_WF_RF,TGW,TGW,216,0.05229481240950611,0.15174984222246038,0.05205863942848608,0.03413762010466992,0.017921019323816158,1.864965773484733,0.06,2017,KIE,HN_WF_RF,HN,WF,RF,0.09692307692307692,-0.7673329239680635,-0.4837591961391387,0.2835737278289248
2017__KIE__LN_NF_RF,Harvest_Index,HI,212,0.4307593720769925,0.6034662774105061,0.1530761081153857,0.03548974537950301,0.11758636273588269,12.398985358111014,0.005,2017,KIE,LN_NF_RF,LN,NF,RF,0.005,-0.3607005956094638,-0.8862680619102884,-0.5255674663008245
2017__KIE__LN_NF_RF,Straw,Straw,212,0.31482939399299015,0.5406848674988318,0.12211783418195463,0.0335790200157918,0.08853881416616283,9.432498947938006,0.005,2017,KIE,LN_NF_RF,LN,NF,RF,0.008333333333333333,0.8003865099669537,0.7786933801332002,-0.02169312983375349
2017__KIE__LN_NF_RF,Biomass,SDM,212,0.7732883896657657,0.8576423217836932,0.32644124511978617,0.03421527921813518,0.292225965901651,29.697706568392885,0.005,2017,KIE,LN_NF_RF,LN,NF,RF,0.005,0.7405074358689682,0.5043977625845111,-0.2361096732844571
2017__KIE__LN_NF_RF,Grain,GN,212,0.7937416506356717,0.8699157297356525,0.3470169895334991,0.03316211339879801,0.3138548761347011,34.293142279598136,0.005,2017,KIE,LN_NF_RF,LN,NF,RF,0.005,1.0467712234967372,0.9184522225097818,-0.12831900098695548
2017__KIE__LN_NF_RF,Crude_protein,GP,212,0.19521904294609507,-0.32121189985302134,0.09363077145901638,0.03447006442413626,0.05916070703488012,6.17932659211253,0.005,2017,KIE,LN_NF_RF,LN,NF,RF,0.005921052631578947,-0.5954556556631877,-0.6886873555765843,-0.09323169991339664
2017__KIE__LN_NF_RF,Grain_per_spike,GpS,212,0.19834818794676082,0.39856648610252227,0.06727850109761495,0.03450692703419474,0.03277157406342021,3.447566323399454,0.005,2017,KIE,LN_NF_RF,LN,NF,RF,0.006999999999999999,0.017943692001765568,-0.6057489678676119,-0.6236926598693775
2017__KIE__LN_NF_RF,Spike_number,SN,212,0.10389507270023177,0.31403299525310674,0.047892936092526796,0.03415787201609796,0.013735064076428834,1.3694196736441275,0.11,2017,KIE,LN_NF_RF,LN,NF,RF,0.2911764705882353,0.8659103806990164,-0.06269277106827273,-0.9286031517672891
2017__KIE__LN_NF_RF,TGW,TGW,212,0.15022743069967648,0.28885393196161674,0.05278924491282206,0.03385065867819364,0.01893858623462842,2.113893417251632,0.03,2017,KIE,LN_NF_RF,LN,NF,RF,0.0525,-0.11974965322850954,-0.46145297023133963,-0.3417033170028301
2017__QLB__HN_NF_RF,Harvest_Index,HI,220,0.6308022714522759,0.7957996878222503,0.2672313278338583,0.033665263823058296,0.2335660640108,25.23896639239894,0.005,2017,QLB,HN_NF_RF,HN,NF,RF,0.005,0.9357826841907162,1.0733519777057337,0.13756929351501745
2017__QLB__HN_NF_RF,Straw,Straw,220,0.04202625829190325,0.19066058840434344,0.039852327475295234,0.03281983554033117,0.007032491934964066,0.7692376424423659,0.205,2017,QLB,HN_NF_RF,HN,NF,RF,0.230625,-0.8765701028075527,-1.0656613913468733,-0.18909128853932067
2017__QLB__HN_NF_RF,Biomass,SDM,220,0.3336606337917295,0.5647036283619684,0.12800299651819647,0.032630118415652665,0.0953728781025438,10.469849871848965,0.005,2017,QLB,HN_NF_RF,HN,NF,RF,0.005,-1.390452163594205,-1.4345673257289924,-0.04411516213478728
2017__QLB__HN_NF_RF,Grain,GN,220,0.6973341882448961,0.8369767219082288,0.3103835157510794,0.03441908798404587,0.27596442776703356,30.544216748350074,0.005,2017,QLB,HN_NF_RF,HN,NF,RF,0.005,0.08832992637213576,0.289992570860295,0.20166264448815924
2017__QLB__HN_NF_RF,Crude_protein,GP,220,0.08679666388464834,-0.33985112389624883,0.07169217447066827,0.033670793180339935,0.03802138129032833,4.012168490304957,0.005,2017,QLB,HN_NF_RF,HN,NF,RF,0.005921052631578947,-1.1730402117894214,-1.0342451829269201,0.13879502886250128
2017__QLB__HN_NF_RF,Grain_per_spike,GpS,220,0.11775691754609971,0.33228334920518643,0.05649579457407611,0.033446377713446565,0.023049416860629543,2.31635029014217,0.025,2017,QLB,HN_NF_RF,HN,NF,RF,0.02916666666666667,-0.6336680937067326,-0.8664379762441944,-0.23276988253746178
2017__QLB__HN_NF_RF,Spike_number,SN,220,0.07777777843089163,0.27564619103700494,0.05219256274067357,0.03291808961495285,0.01927447312572072,2.1690685842934143,0.03,2017,QLB,HN_NF_RF,HN,NF,RF,0.10384615384615385,0.49650140233176127,0.1850391916197197,-0.31146221071204155
2017__QLB__HN_NF_RF,TGW,TGW,220,0.2733143117847444,0.4934425767624801,0.0965806733308245,0.03215241154246269,0.064428261788361807,6.396257287872758,0.005,2017,QLB,HN_NF_RF,HN,NF,RF,0.013999999999999999,0.6941671645780388,0.5357325402173874,-0.15843462436065148
2017__QLB__HN_WF_RF,Harvest_Index,HI,220,0.49969535074268173,0.6995520192941628,0.17432765055623153,0.03257693369504351,0.141750716861188,14.165055721564856,0.005,2017,QLB,HN_WF_RF,HN,WF,RF,0.005,0.08607529094205262,-0.4779815077305931,-0.5640567986726457
2017__QLB__HN_WF_RF,Straw,Straw,220,0.01876131664383905,-0.12312651087832394,0.04498650098407963,0.033085989628219306,0.011900511355860323,1.2079419934232274,0.13,2017,QLB,HN_WF_RF,HN,WF,RF,0.1625,-1.0195827468604517,-0.9555060733198876,0.06407667354056412
2017__QLB__HN_WF_RF,Biomass,SDM,220,0.09303825652475202,0.3190276282943487,0.07429631375799345,0.03406202954544359,0.04023428421254986,4.140553582151425,0.005,2017,QLB,HN_WF_RF,HN,WF,RF,0.005,-2.5567947291660467,-1.977671880332171,0.5791228488338758
2017__QLB__HN_WF_RF,Grain,GN,220,0.5354793962531439,0.7114891554859323,0.2130819537880606,0.03317908220820254,0.17990287157985807,19.518904231731135,0.005,2017,QLB,HN_WF_RF,HN,WF,RF,0.005,-1.5207604172115834,-1.3033063933666684,0.21745402384491497
2017__QLB__HN_WF_RF,Crude_protein,GP,220,0.1347402637329594,-0.3900170739816187,0.07984407467267497,0.03351561615017731,0.04632845852249766,4.209998513912422,0.01,2017,QLB,HN_WF_RF,HN,WF,RF,0.011538461538461537,-0.9176364558749088,-0.8984520363210166,0.019184419553892273
2017__QLB__HN_WF_RF,Grain_per_spike,GpS,220,0.07614672139497924,0.2875675492919651,0.05333011677905907,0.03227057757905919,0.02105953919999988,2.3015877164785903,0.01,2017,QLB,HN_WF_RF,HN,WF,RF,0.013548387096774193,-0.9701027234490882,-0.9197943685880007,0.050308354861087534
2017__QLB__HN_WF_RF,Spike_number,SN,220,0.05502704094040771,0.20143466525416567,0.03340513186361269,0.033239654962935204,1.6547690067748866e-4,0.017544603098136737,0.475,2017,QLB,HN_WF_RF,HN,WF,RF,0.689516129032258,0.17470977235700674,-0.6695482016749755,-0.8442579740319822
2017__QLB__HN_WF_RF,TGW,TGW,220,0.07993505973337521,0.27179862844649305,0.05815010335012353,0.03278432370595039,0.025365779644173136,2.68423009487566,0.025,2017,QLB,HN_WF_RF,HN,WF,RF,0.04565217391304348,-0.5845607069217852,-0.3205615687686282,0.263999138153157
2017__QLB__LN_NF_RF,Harvest_Index,HI,220,0.5847205059709722,0.743796735094076,0.23673282852525132,0.032229068015375686,0.20450376050987562,21.992510595034982,0.005,2017,QLB,LN_NF_RF,LN,NF,RF,0.005,0.6371255529615684,0.5823085303457691,-0.05481702261579924
2017__QLB__LN_NF_RF,Straw,Straw,220,0.2940456358893639,0.5168401300552792,0.10318807836679039,0.0310627658986653,0.07212531246812509,8.450416383131547,0.005,2017,QLB,LN_NF_RF,LN,NF,RF,0.008333333333333333,0.6726260262004802,0.40728268038892157,-0.2653433458115586
2017__QLB__LN_NF_RF,Biomass,SDM,220,0.707582578738049,0.842464062931428,0.3011280619594402,0.03401897631824715,0.26710908564119307,26.567451127717103,0.005,2017,QLB,LN_NF_RF,LN,NF,RF,0.005,0.42201883576099786,0.257001318378979,-0.16501751738201886
2017__QLB__LN_NF_RF,Grain,GN,220,0.5917576662596733,0.7562331302863132,0.24164669255213558,0.03404936668932623,0.20759732586280935,21.787432801896788,0.005,2017,QLB,LN_NF_RF,LN,NF,RF,0.005,-0.9612661958374131,-0.8439598339805301,0.11730636185688303
2017__QLB__LN_NF_RF,Crude_protein,GP,220,0.04201232609138912,-0.25949409172616267,0.06684105547842166,0.03366317375530013,0.03317788172312153,3.343607709385386,0.015,2017,QLB,LN_NF_RF,LN,NF,RF,0.016875,-1.4116140384259626,-1.1134203282196995,0.29819371020626306
2017__QLB__LN_NF_RF,Grain_per_spike,GpS,220,0.07563562132290534,0.29752680840513235,0.06489831794636214,0.032962449443976714,0.031935868502385424,3.5618373336891858,0.005,2017,QLB,LN_NF_RF,LN,NF,RF,0.006999999999999999,-0.974235166441786,-0.628157498140957,0.346077668300829
2017__QLB__LN_NF_RF,Spike_number,SN,220,0.04904603834638881,0.225774386773581,0.07034748902314737,0.03231896804339169,0.03802852097975568,4.003964284801494,0.005,2017,QLB,LN_NF_RF,LN,NF,RF,0.03214285714285715,0.09011310491193575,1.023752679264854,0.9336395743529182
2017__QLB__LN_NF_RF,TGW,TGW,220,0.08819452355976978,0.2554211300383742,0.05802187821410257,0.032505948501437586,0.025515929712664982,2.607446892264172,0.02,2017,QLB,LN_NF_RF,LN,NF,RF,0.04,-0.5299446791607008,-0.3172701082147693,0.21267457094593145
