BRISONr,Merito_multicarater,DP_indice_local,n_ambientes,Fracao_ambientes,Entropia_Shannon,Entropia_normalizada,Fracao_quartil_superior,Fracao_quartil_inferior,genotype,RYear,Genotipo,Quadrante,Pareto,Z_merito,Z_estabilidade,Escore_integrado_exploratorio,Rank_exploratorio
BRISONr_29,0.6927558585413884,0.3926761468909834,45,1,0.49602180343763114,0.35780409799613533,0.8444444444444444,0.022222222222222223,BRISONr_29,NA,BRISONr_29,Superior e estável,TRUE,2.1301683244265814,2.39414737103603,4.524315695462612,1
BRISONr_26,0.5684979223185707,0.2621954565773197,45,1,0.567977735451997,0.40970933113596986,0.8222222222222222,0,BRISONr_26,NA,BRISONr_26,Superior e estável,FALSE,1.7490582412878486,2.1195343508029727,3.8685925920908213,2
BRISONr_81,0.5294635610268679,0.28019695065396694,45,1,0.6409067376216963,0.46231648601957265,0.7777777777777778,0,BRISONr_81,NA,BRISONr_81,Superior e estável,FALSE,1.6293364019481702,1.8412077002023535,3.470544102150524,3
BRISONr_5,0.482539732014622,0.32041734368327446,45,1,0.8298192254341797,0.598588040684106,0.6666666666666666,0,BRISONr_5,NA,BRISONr_5,Superior e estável,FALSE,1.4854168671509973,1.1202410281624524,2.60565789531345,4
BRISONr_44,0.38933488398688204,0.2474453079948596,45,1,0.7794681002126134,0.5622673813539395,0.7111111111111111,0,BRISONr_44,NA,BRISONr_44,Superior e estável,FALSE,1.1995493526842467,1.3124013432629038,2.5119506959471503,5
BRISONr_90,0.4090878460758841,0.2784737773909653,45,1,0.8227555098317418,0.5934926469491624,0.6888888888888889,0,BRISONr_90,NA,BRISONr_90,Superior e estável,FALSE,1.2601334348991373,1.147199031781467,2.4073324666806046,6
BRISONr_61,0.3892268272863628,0.29553626530571203,45,1,0.8648354880430393,0.6238469348922396,0.6444444444444445,0.044444444444444446,BRISONr_61,NA,BRISONr_61,Superior e estável,FALSE,1.1992179332242878,0.9866047682586407,2.1858227014829286,7
BRISONr_17,0.39104011613022255,0.23961817206166347,45,1,0.8748322822888748,0.6310580976338667,0.5555555555555556,0,BRISONr_17,NA,BRISONr_17,Superior e estável,FALSE,1.2047794505248706,0.9484529469473801,2.1532323974722507,8
BRISONr_91,0.38386985406539015,0.29983927527118714,45,1,0.904285827008438,0.6523043390856242,0.6666666666666666,0.022222222222222223,BRISONr_91,NA,BRISONr_91,Superior e estável,FALSE,1.182787622439503,0.8360462746191855,2.0188338970586885,9
BRISONr_83,0.353667764709449,0.2607999021214544,45,1,0.9312226207091806,0.6717351284303795,0.4666666666666667,0,BRISONr_83,NA,BRISONr_83,Superior e estável,FALSE,1.0901551424925802,0.7332445449149699,1.8233996874075502,10
BRISONr_80,0.336397564158211,0.2219719607705336,45,1,0.9181492403972991,0.6623046779585761,0.5333333333333333,0,BRISONr_80,NA,BRISONr_80,Superior e estável,FALSE,1.0371859095568068,0.7831378664466044,1.8203237760034112,11
BRISONr_75,0.4033374615228135,0.36038417780061,45,1,0.9972410991139942,0.7193573941312094,0.6444444444444445,0.044444444444444446,BRISONr_75,NA,BRISONr_75,Superior e estável,FALSE,1.2424964967548355,0.4812912557501905,1.723787752505026,12
BRISONr_180,0.37335536787990703,0.3627022530868606,45,1,0.984127639631629,0.7098980326491561,0.6,0.044444444444444446,BRISONr_180,NA,BRISONr_180,Superior e estável,FALSE,1.1505387631221802,0.5313375356515775,1.6818762987737577,13
BRISONr_167,0.40456101747202705,0.4301733051723662,45,1,1.0241380751609885,0.7387594611101633,0.6222222222222222,0.044444444444444446,BRISONr_167,NA,BRISONr_167,Superior e estável,FALSE,1.24624925109556,0.3786414863618007,1.6248907374573607,14
BRISONr_51,0.3749773017796261,0.3218880326194418,45,1,1.0043949075985639,0.7245177761432884,0.5777777777777777,0.022222222222222223,BRISONr_51,NA,BRISONr_51,Superior e estável,FALSE,1.1555133778804603,0.45398942115336627,1.6095027990338266,15
BRISONr_88,0.309130741972331,0.24354206135230852,45,1,0.9812079668975191,0.7077919339618965,0.4666666666666667,0.022222222222222223,BRISONr_88,NA,BRISONr_88,Superior e estável,FALSE,0.9535561536951324,0.5424801909568544,1.4960363446519866,16
BRISONr_35,0.3315553371453642,0.2859048905928844,45,1,1.0116673816511554,0.7297637572686222,0.5555555555555556,0.044444444444444446,BRISONr_35,NA,BRISONr_35,Superior e estável,FALSE,1.0223343709304655,0.42623471062095303,1.4485690815514185,17
BRISONr_85,0.4206386466703529,0.47489748456551517,45,1,1.086048565422559,0.7834184397498494,0.5555555555555556,0.044444444444444446,BRISONr_85,NA,BRISONr_85,Superior e estável,FALSE,1.2955607621885836,0.14236594605687028,1.4379267082454539,18
BRISONr_25,0.35299697329005025,0.3898515871647837,45,1,1.0589968362122275,0.7639047419602413,0.6,0.044444444444444446,BRISONr_25,NA,BRISONr_25,Superior e estável,FALSE,1.0880977658662907,0.2456063162808677,1.3337040821471584,19
BRISONr_152,-0.6091835375138989,0.2744084593383474,45,1,0.2873643046809562,0.20728952864586034,0,0.9333333333333333,BRISONr_152,NA,BRISONr_152,Inferior e estável,TRUE,-1.8629949821204908,3.190469012959952,1.3274740308394612,20
BRISONr_146,0.34167699869132695,0.36822158633520574,45,1,1.0549843397595797,0.7610103375933315,0.5333333333333333,0.044444444444444446,BRISONr_146,NA,BRISONr_146,Superior e estável,FALSE,1.0533784023263097,0.2609196301201779,1.3142980324464877,21
BRISONr_70,0.2784533841057119,0.24704527949822508,45,1,1.0163800862903647,0.7331632550747029,0.4,0,BRISONr_70,NA,BRISONr_70,Superior e estável,FALSE,0.859465983180318,0.40824911835343586,1.2677151015337538,22
BRISONr_12,0.3697591398955599,0.3873469761761241,45,1,1.0934126909523396,0.7887305334409986,0.5111111111111111,0.022222222222222223,BRISONr_12,NA,BRISONr_12,Superior e estável,FALSE,1.1395088137462086,0.11426145631577823,1.2537702700619868,23
BRISONr_96,0.2753774005385857,0.2361549825301461,45,1,1.0205631922894487,0.7361807282148987,0.4444444444444444,0.022222222222222223,BRISONr_96,NA,BRISONr_96,Superior e estável,FALSE,0.8500316694564951,0.39228468928962834,1.2423163587461235,24
BRISONr_42,0.36134656700182977,0.385748898694411,45,1,1.090105644574691,0.7863450037364869,0.4888888888888889,0.022222222222222223,BRISONr_42,NA,BRISONr_42,Superior e estável,FALSE,1.1137067084449346,0.12688248655461362,1.2405891949995482,25
BRISONr_58,0.3406567993545665,0.34670126420392927,45,1,1.0859872804921988,0.7833742320172935,0.5777777777777777,0.06666666666666667,BRISONr_58,NA,BRISONr_58,Superior e estável,FALSE,1.0502493607063552,0.14259983420687852,1.1928491949132338,26
BRISONr_67,0.31471205297917776,0.3690199990193204,45,1,1.0715987805361908,0.7729951232511116,0.4444444444444444,0,BRISONr_67,NA,BRISONr_67,Superior e estável,FALSE,0.9706745283157137,0.1975121856826914,1.168186713998405,27
BRISONr_141,0.3254867355569222,0.33187972288884016,45,1,1.1049261721394867,0.7970357545470313,0.5111111111111111,0.06666666666666667,BRISONr_141,NA,BRISONr_141,Superior e estável,FALSE,1.0037214329869308,0.07032134250323391,1.0740427754901647,28
BRISONr_3,0.33247937090041574,0.36332850131126593,45,1,1.1201038830178807,0.807984158655184,0.5555555555555556,0.06666666666666667,BRISONr_3,NA,BRISONr_3,Superior e estável,FALSE,1.0251684642038255,0.012397042061850603,1.0375655062656761,29
BRISONr_163,-0.5769493595948171,0.3133985238731206,45,1,0.4044323651250528,0.29173628377045413,0,0.8888888888888888,BRISONr_163,NA,BRISONr_163,Inferior e estável,TRUE,-1.7641299067773668,2.7436898142003403,0.9795599074229735,30
BRISONr_19,0.26070665132560195,0.2539087777779795,45,1,1.0803393647842918,0.7793001220257153,0.3111111111111111,0.022222222222222223,BRISONr_19,NA,BRISONr_19,Superior e estável,FALSE,0.8050351837411542,0.1641545712125841,0.9691897549537383,31
BRISONr_175,-0.8666044425380585,0.39041764878934054,45,1,0.18182028230491803,0.1311556098071683,0,0.9555555555555556,BRISONr_175,NA,BRISONr_175,Inferior e estável,TRUE,-2.65252767111899,3.593267808567834,0.9407401374488442,32
BRISONr_21,0.3127154381983127,0.32448994159251554,45,1,1.1332144060118239,0.8174414019085954,0.4666666666666667,0.022222222222222223,BRISONr_21,NA,BRISONr_21,Superior e estável,FALSE,0.9645507341480155,-0.03763803100874648,0.926912703139269,33
BRISONr_106,0.27053424114537006,0.27887778175275046,45,1,1.1047676248384253,0.7969213868445375,0.4888888888888889,0.022222222222222223,BRISONr_106,NA,BRISONr_106,Superior e estável,FALSE,0.8351772711370772,0.07092642330721255,0.9061036944442897,34
BRISONr_129,0.20895818111727452,0.2544863826137579,45,1,1.0606018056124555,0.765062482657485,0.26666666666666666,0,BRISONr_129,NA,BRISONr_129,Superior e estável,FALSE,0.6463180475734256,0.23948110211103035,0.8857991496844559,35
BRISONr_53,0.3146198706103771,0.37220736762706025,45,1,1.1470060734935028,0.8273899870492992,0.5333333333333333,0.08888888888888889,BRISONr_53,NA,BRISONr_53,Superior e estável,FALSE,0.9703917968354923,-0.09027262770103502,0.8801191691344572,36
BRISONr_36,0.3082613727303982,0.3471739779814232,45,1,1.162592949137324,0.8386335411464461,0.4888888888888889,0.044444444444444446,BRISONr_36,NA,BRISONr_36,Superior e estável,FALSE,0.9508897213195203,-0.1497584668350793,0.801131254484441,37
BRISONr_142,0.2903141895035502,0.3874546068387073,45,1,1.1509491054426957,0.8302342833688828,0.5111111111111111,0.06666666666666667,BRISONr_142,NA,BRISONr_142,Superior e estável,FALSE,0.8958441226269347,-0.10532083682196054,0.7905232858049741,38
BRISONr_46,0.26289479283848455,0.34708767921261685,45,1,1.1330976079116766,0.8173571498886615,0.3333333333333333,0.022222222222222223,BRISONr_46,NA,BRISONr_46,Superior e estável,FALSE,0.8117464073397711,-0.037192282087969035,0.7745541252518021,39
BRISONr_77,0.29015862414521904,0.30555285440657876,45,1,1.1643602564066735,0.8399083838630549,0.4666666666666667,0.044444444444444446,BRISONr_77,NA,BRISONr_77,Superior e estável,FALSE,0.8953669899105119,-0.15650322815397974,0.7388637617565321,40
BRISONr_64,0.29572426186957906,0.3502464437205979,45,1,1.1750050638459746,0.8475869893150038,0.5111111111111111,0.06666666666666667,BRISONr_64,NA,BRISONr_64,Superior e estável,FALSE,0.912437293187136,-0.19712813063070952,0.7153091625564264,41
BRISONr_126,0.1222363478013841,0.260059724440488,45,1,1.0376277213318303,0.7484901839271735,0.17777777777777778,0,BRISONr_126,NA,BRISONr_126,Superior e estável,FALSE,0.3803345127616412,0.32715952548454336,0.7074940382461845,42
BRISONr_32,0.2895538944692822,0.3259680828453666,45,1,1.1746485254072592,0.8473298011962932,0.4666666666666667,0.044444444444444446,BRISONr_32,NA,BRISONr_32,Superior e estável,FALSE,0.893512230495713,-0.19576743534480467,0.6977447951509084,43
BRISONr_109,0.18888452945386,0.25112180515184096,45,1,1.0940584729109202,0.7891963666555685,0.35555555555555557,0,BRISONr_109,NA,BRISONr_109,Superior e estável,FALSE,0.584750382063325,0.11179689044756867,0.6965472725108937,44
BRISONr_68,0.25007436625657353,0.2731847541956234,45,1,1.1528336286989793,0.831593679547023,0.4444444444444444,0.06666666666666667,BRISONr_68,NA,BRISONr_68,Superior e estável,FALSE,0.7724250248266685,-0.11251294188710198,0.6599120829395666,45
BRISONr_206,-1.1982273924121754,0.47153314797437723,42,0.9333333333333333,-0,-0,0,1,BRISONr_206,NA,BRISONr_206,Inferior e estável,TRUE,-3.669644596114467,4.287167747955906,0.6175231518414392,46
BRISONr_172,-1.1982298071894206,0.32297839151716745,45,1,-0,-0,0,1,BRISONr_172,NA,BRISONr_172,Inferior e estável,FALSE,-3.6696520024499066,4.287167747955906,0.6175157455059996,47
BRISONr_45,0.26997147936499627,0.27821760818126845,45,1,1.1809877978927485,0.8519026196851229,0.4222222222222222,0.06666666666666667,BRISONr_45,NA,BRISONr_45,Superior e estável,FALSE,0.8334512309707496,-0.21996067021212623,0.6134905607586234,48
BRISONr_183,0.2565763276001291,0.3230172076374111,45,1,1.1720574857220631,0.8454607611440038,0.3333333333333333,0.044444444444444446,BRISONr_183,NA,BRISONr_183,Superior e estável,FALSE,0.7923671154772314,-0.18587897704016723,0.6064881384370642,49
BRISONr_94,-0.9033885766834634,0.4404227215380995,45,1,0.24493002679463532,0.17667966751071065,0,0.9333333333333333,BRISONr_94,NA,BRISONr_94,Inferior e estável,FALSE,-2.765347864729829,3.3524154277384435,0.5870675630086146,50
BRISONr_100,0.21343455972459438,0.25070539671750935,45,1,1.1425002894229,0.8241397508823116,0.4444444444444444,0.022222222222222223,BRISONr_100,NA,BRISONr_100,Superior e estável,FALSE,0.6600474967744566,-0.0730767282455292,0.5869707685289274,51
BRISONr_37,0.2744053197936998,0.3202380244833702,45,1,1.1966482667326457,0.8631992600517807,0.4888888888888889,0.06666666666666667,BRISONr_37,NA,BRISONr_37,Superior e estável,FALSE,0.8470502118147336,-0.27972737083009896,0.5673228409846347,52
BRISONr_55,0.20146349227447796,0.21928710693848114,45,1,1.1425002894229,0.8241397508823116,0.3111111111111111,0.022222222222222223,BRISONr_55,NA,BRISONr_55,Superior e estável,FALSE,0.6233311738589351,-0.0730767282455292,0.5502544456134059,53
BRISONr_123,-0.9958261486145852,0.5032091503773162,45,1,0.18182028230491803,0.1311556098071683,0,0.9555555555555556,BRISONr_123,NA,BRISONr_123,Inferior e estável,FALSE,-3.0488620755295353,3.593267808567834,0.5444057330382988,54
BRISONr_47,0.20802986857261596,0.28530455888025386,45,1,1.149898863384292,0.8294766938641869,0.2222222222222222,0.044444444444444446,BRISONr_47,NA,BRISONr_47,Superior e estável,FALSE,0.6434708308738086,-0.10131268717313911,0.5421581437006695,55
BRISONr_71,0.22677852519339897,0.2950860921572338,45,1,1.174312020646558,0.8470870643215437,0.37777777777777777,0.022222222222222223,BRISONr_71,NA,BRISONr_71,Superior e estável,FALSE,0.700974619369646,-0.1944831966994003,0.5064914226702457,56
BRISONr_170,-0.7400203088785634,0.4180865603774557,45,1,0.4044323651250528,0.29173628377045413,0,0.8888888888888888,BRISONr_170,NA,BRISONr_170,Inferior e estável,FALSE,-2.26428293464995,2.7436898142003403,0.4794068795503903,57
BRISONr_116,0.24219950421902298,0.2893720317693405,45,1,1.2180613175273303,0.8786455111476782,0.37777777777777777,0.08888888888888889,BRISONr_116,NA,BRISONr_116,Superior e instável,FALSE,0.7482721262910349,-0.36144825730208874,0.38682386898894616,58
BRISONr_49,0.242338420544732,0.3484037086182653,45,1,1.2278104324320371,0.8856780110107169,0.4888888888888889,0.1111111111111111,BRISONr_49,NA,BRISONr_49,Superior e instável,FALSE,0.7486981949515136,-0.3986548337945755,0.35004336115693807,59
BRISONr_122,0.22087587669760184,0.2740254610434818,45,1,1.2125150093559518,0.8746446955006334,0.4,0.044444444444444446,BRISONr_122,NA,BRISONr_122,Superior e estável,FALSE,0.6828706742426476,-0.34028129586544953,0.34258937837719805,60
BRISONr_204,0.1657348119462365,0.30404757915009806,45,1,1.172402069567453,0.8457093258464611,0.26666666666666666,0.022222222222222223,BRISONr_204,NA,BRISONr_204,Superior e estável,FALSE,0.5137481504783096,-0.18719404874943454,0.326554101728875,61
BRISONr_9,0.24671006102168694,0.3419898276065,45,1,1.2445473330438892,0.897751132767002,0.3111111111111111,0.06666666666666667,BRISONr_9,NA,BRISONr_9,Superior e instável,FALSE,0.7621064030408331,-0.4625296346302254,0.2995767684106077,62
BRISONr_10,0.22706808136768605,0.3825660393746904,45,1,1.2297291279746243,0.88706205728285,0.4222222222222222,0.06666666666666667,BRISONr_10,NA,BRISONr_10,Superior e instável,FALSE,0.7018627137723891,-0.4059773541637424,0.29588535960864665,63
BRISONr_118,0.22353763836685586,0.3632973152299474,45,1,1.2280211969132089,0.8858300454466078,0.35555555555555557,0.044444444444444446,BRISONr_118,NA,BRISONr_118,Superior e instável,FALSE,0.691034532760673,-0.39945919653593853,0.2915753362247344,64
BRISONr_65,0.22117610896097106,0.2570811523243769,45,1,1.2375431553901612,0.8926986865837327,0.4222222222222222,0.06666666666666667,BRISONr_65,NA,BRISONr_65,Superior e instável,FALSE,0.6837915131550886,-0.4357988519707068,0.2479926611843818,65
BRISONr_148,0.19241876696236399,0.2912435050907505,45,1,1.216080102043501,0.8772163662709518,0.28888888888888886,0.044444444444444446,BRISONr_148,NA,BRISONr_148,Superior e estável,FALSE,0.5955902011657658,-0.35388713548049644,0.24170306568526934,66
BRISONr_54,0.24671264663075285,0.4404034208906818,45,1,1.2640792194559862,0.9118404105999716,0.4444444444444444,0.1111111111111111,BRISONr_54,NA,BRISONr_54,Superior e instável,FALSE,0.7621143333325797,-0.5370712348613802,0.22504309847119952,67
BRISONr_201,-0.5300058496334239,0.3638195552785027,45,1,0.6409067376216963,0.46231648601957265,0,0.7777777777777778,BRISONr_201,NA,BRISONr_201,Inferior e estável,FALSE,-1.6201500087680418,1.8412077002023535,0.22105769143431164,68
BRISONr_23,0.21197515839259803,0.30333023946647775,45,1,1.2375431553901612,0.8926986865837327,0.4222222222222222,0.06666666666666667,BRISONr_23,NA,BRISONr_23,Superior e instável,FALSE,0.6555713837801723,-0.4357988519707068,0.21977253180946554,69
BRISONr_60,0.20248894605431772,0.3307469127604978,45,1,1.234848220691158,0.890754702120847,0.3333333333333333,0.08888888888888889,BRISONr_60,NA,BRISONr_60,Superior e instável,FALSE,0.6264763313206594,-0.42551388815595975,0.20096244316469963,70
BRISONr_151,0.16491013161351703,0.26696398457320536,45,1,1.2080360076402636,0.8714137787189552,0.35555555555555557,0.044444444444444446,BRISONr_151,NA,BRISONr_151,Superior e estável,FALSE,0.5112187829407544,-0.32318760873860375,0.18803117420215065,71
BRISONr_132,0.21674472546304893,0.31700086954267664,45,1,1.266802647609206,0.9138049487454053,0.3111111111111111,0.08888888888888889,BRISONr_132,NA,BRISONr_132,Superior e instável,FALSE,0.6702000679351688,-0.5474649412537049,0.12273512668146391,72
BRISONr_208,0.15059738790696975,0.2809966902471782,45,1,1.2166953291616354,0.8776601588271282,0.24444444444444444,0.044444444444444446,BRISONr_208,NA,BRISONr_208,Superior e estável,FALSE,0.4673203317853751,-0.35623509168522505,0.11108524010015003,73
BRISONr_48,0.2329686499089009,0.37004819928249366,45,1,1.283258024286105,0.9256749939092663,0.35555555555555557,0.08888888888888889,BRISONr_48,NA,BRISONr_48,Superior e instável,FALSE,0.719960279494676,-0.61026533257396,0.10969494692071602,74
BRISONr_192,-0.5767162815524141,0.3835531586885593,45,1,0.6409067376216963,0.46231648601957265,0,0.7777777777777778,BRISONr_192,NA,BRISONr_192,Inferior e estável,FALSE,-1.7634150358015706,1.8412077002023535,0.07779266440078292,75
BRISONr_143,0.12138959655556758,0.2630841594465276,45,1,1.2019806666895447,0.8670457735387082,0.17777777777777778,0.06666666666666667,BRISONr_143,NA,BRISONr_143,Superior e estável,FALSE,0.37773745178106705,-0.3000779717640475,0.07765948001701956,76
BRISONr_145,0.18810728928074516,0.3164165425260193,45,1,1.257623463487866,0.9071835670397733,0.37777777777777777,0.08888888888888889,BRISONr_145,NA,BRISONr_145,Superior e instável,FALSE,0.5823665176921721,-0.5124334517813256,0.06993306591084647,77
BRISONr_39,0.2027791350333994,0.3117813701268141,45,1,1.283258024286105,0.9256749939092663,0.35555555555555557,0.08888888888888889,BRISONr_39,NA,BRISONr_39,Superior e instável,FALSE,0.6273663665916899,-0.61026533257396,0.017101034017729888,78
BRISONr_160,-0.41838594017821285,0.37869359436482725,45,1,0.7847807998738474,0.5660996840814368,0,0.6444444444444445,BRISONr_160,NA,BRISONr_160,Inferior e estável,FALSE,-1.2778018717755517,1.2921259266471992,0.014324054871647451,79
BRISONr_76,0.17708397326662584,0.26661238630631146,45,1,1.266802647609206,0.9138049487454053,0.3111111111111111,0.08888888888888889,BRISONr_76,NA,BRISONr_76,Superior e instável,FALSE,0.548557032275706,-0.5474649412537049,0.0010920910220010294,80
BRISONr_84,0.15500665692452914,0.3061065224234333,45,1,1.250135419638823,0.9017820851762867,0.28888888888888886,0.06666666666666667,BRISONr_84,NA,BRISONr_84,Superior e instável,FALSE,0.48084394993761764,-0.4838560394755173,-0.003012089537899665,81
BRISONr_62,0.1961369905586916,0.3067296143156213,45,1,1.283258024286105,0.9256749939092663,0.3333333333333333,0.08888888888888889,BRISONr_62,NA,BRISONr_62,Superior e instável,FALSE,0.6069943218762834,-0.61026533257396,-0.0032710106976765463,82
BRISONr_82,0.2093576344363161,0.3516582011811879,45,1,1.2993829963066392,0.9373067024935153,0.4,0.1111111111111111,BRISONr_82,NA,BRISONr_82,Superior e instável,FALSE,0.647543206241416,-0.6718047657210198,-0.024261559479603734,83
BRISONr_205,-0.6159662805944561,0.4934750438738758,45,1,0.6371502047079385,0.45960672031676536,0.022222222222222223,0.8,BRISONr_205,NA,BRISONr_205,Inferior e estável,FALSE,-1.883798255198393,1.8555441533643524,-0.028254101834040535,84
BRISONr_33,0.19715491456024611,0.32910975264931297,45,1,1.2920556514537787,0.9320211404524628,0.37777777777777777,0.15555555555555556,BRISONr_33,NA,BRISONr_33,Superior e instável,FALSE,0.610116384841869,-0.6438406459604495,-0.03372426111858051,85
BRISONr_216,0.18943093807167105,0.4178258795507069,45,1,1.287875331648095,0.9290056771259679,0.4,0.13333333333333333,BRISONr_216,NA,BRISONr_216,Superior e instável,FALSE,0.5864262656333552,-0.627886850140674,-0.04146058450731882,86
BRISONr_214,0.13646734588318898,0.34947481916663564,45,1,1.2487276528495728,0.9007665960934969,0.2222222222222222,0.06666666666666667,BRISONr_214,NA,BRISONr_214,Superior e instável,FALSE,0.42398224285413466,-0.4784834304500009,-0.05450118759586625,87
BRISONr_187,-0.5953909775071461,0.4567599767965686,42,0.9333333333333333,0.6667858912585133,0.4809843493266924,0,0.7857142857142857,BRISONr_187,NA,BRISONr_187,Inferior e estável,FALSE,-1.8206919803915416,1.7424423539364922,-0.0782496264550494,88
BRISONr_131,-0.3941236802882269,0.29729770053328675,45,1,0.829453446400952,0.5983241868854565,0.022222222222222223,0.7111111111111111,BRISONr_131,NA,BRISONr_131,Inferior e estável,FALSE,-1.2033873742803962,1.1216369893047884,-0.08175038497560783,89
BRISONr_63,0.04308457138200097,0.26590213371036103,45,1,1.1822230016451067,0.8527936308491302,0.13333333333333333,0.06666666666666667,BRISONr_63,NA,BRISONr_63,Inferior e estável,FALSE,0.1375690121526738,-0.22467470870127465,-0.08710569654860084,90
BRISONr_166,-0.1588245277461696,0.21571728273056867,45,1,1.0236462717837331,0.7384046999634339,0,0.28888888888888886,BRISONr_166,NA,BRISONr_166,Inferior e estável,FALSE,-0.48170405719252024,0.38051840751351274,-0.1011856496790075,91
BRISONr_154,0.1247149115729391,0.2807307247279352,45,1,1.2559284257630128,0.9059608557798906,0.2,0.1111111111111111,BRISONr_154,NA,BRISONr_154,Superior e instável,FALSE,0.3879364871204309,-0.5059645003550836,-0.11802801323465267,92
BRISONr_89,0.15834941469203265,0.334998218748931,45,1,1.283258024286105,0.9256749939092663,0.3333333333333333,0.08888888888888889,BRISONr_89,NA,BRISONr_89,Superior e instável,FALSE,0.4910964837347464,-0.61026533257396,-0.11916884883921358,93
BRISONr_104,-0.269990331818771,0.2761913236708799,45,1,0.9403110580750719,0.6782910501889802,0,0.6,BRISONr_104,NA,BRISONr_104,Inferior e estável,FALSE,-0.8226594128031455,0.6985593818661737,-0.12410003093697175,94
BRISONr_113,0.13719784472527885,0.2775686681695995,45,1,1.2679243997657401,0.9146141218820745,0.24444444444444444,0.08888888888888889,BRISONr_113,NA,BRISONr_113,Superior e instável,FALSE,0.4262227474279624,-0.5517460024398388,-0.12552325501187644,95
BRISONr_6,0.17063894415305975,0.36014309913267195,45,1,1.2970710925907123,0.935639016480525,0.3111111111111111,0.08888888888888889,BRISONr_6,NA,BRISONr_6,Superior e instável,FALSE,0.5287895578111519,-0.6629816034862234,-0.13419204567507148,96
BRISONr_8,0.1746125276834737,0.3448935086689219,45,1,1.300370838199058,0.9380192797932028,0.3111111111111111,0.08888888888888889,BRISONr_8,NA,BRISONr_8,Superior e instável,FALSE,0.5409768900304737,-0.6755747710283748,-0.13459788099790115,97
BRISONr_107,0.18505291349822084,0.3689550217367624,45,1,1.3095900070775048,0.9446695044042294,0.3333333333333333,0.13333333333333333,BRISONr_107,NA,BRISONr_107,Superior e instável,FALSE,0.5729984769553019,-0.7107588585507693,-0.13776038159546733,98
BRISONr_133,-0.224080001114342,0.28695984347118314,45,1,0.9812079668975191,0.7077919339618965,0.022222222222222223,0.4444444444444444,BRISONr_133,NA,BRISONr_133,Inferior e estável,FALSE,-0.6818483669773363,0.5424801909568544,-0.1393681760204819,99
BRISONr_95,0.15201893442503636,0.3531039847432755,45,1,1.2878277366959365,0.9289713446252427,0.26666666666666666,0.08888888888888889,BRISONr_95,NA,BRISONr_95,Superior e instável,FALSE,0.47168034071643006,-0.6277052084998221,-0.15602486778339208,100
BRISONr_74,0.028212850302397764,0.2577811133539952,45,1,1.1910772795532507,0.8591806422634962,0.08888888888888889,0.1111111111111111,BRISONr_74,NA,BRISONr_74,Inferior e estável,FALSE,0.09195612794300644,-0.25846622428963256,-0.1665100963466261,101
BRISONr_125,-0.2606836250188366,0.3430033465767849,45,1,0.9593479999137453,0.69202330098115306,0.06666666666666667,0.5555555555555556,BRISONr_125,NA,BRISONr_125,Inferior e estável,FALSE,-0.7941149197100797,0.6259066908653061,-0.1682082288447736,102
BRISONr_127,0.15713339875749222,0.3253785346477004,45,1,1.2993829963066392,0.9373067024935153,0.4,0.1111111111111111,BRISONr_127,NA,BRISONr_127,Superior e instável,FALSE,0.48736685528606766,-0.6718047657210198,-0.1844379104349521,103
BRISONr_99,0.13652289178635435,0.5485954177152064,45,1,1.2836794773561802,0.9259790080363488,0.4444444444444444,0.24444444444444444,BRISONr_99,NA,BRISONr_99,Superior e instável,FALSE,0.4241526070531296,-0.6118737684210107,-0.18772116136788108,104
BRISONr_87,0.07605301164037033,0.28950272496888063,45,1,1.237842390507598,0.8929145390937256,0.2,0.06666666666666667,BRISONr_87,NA,BRISONr_87,Inferior e instável,FALSE,0.23868613504847666,-0.43694085454170656,-0.1982547194932299,105
BRISONr_101,0.17457430701095708,0.40960261843406315,45,1,1.3179604187903342,0.9507074801383784,0.3333333333333333,0.1111111111111111,BRISONr_101,NA,BRISONr_101,Superior e instável,FALSE,0.5408596638465918,-0.7427037444928393,-0.20184408064624748,106
BRISONr_211,-0.36153742739971517,0.32174332344012707,45,1,0.8918225865584928,0.6433140114903529,0,0.6222222222222222,BRISONr_211,NA,BRISONr_211,Inferior e estável,FALSE,-1.1034424538589676,0.8836110549790165,-0.21983139887995107,107
BRISONr_155,0.14359826517281102,0.374581558911661,45,1,1.2998984157577391,0.9376784990365551,0.3333333333333333,0.1111111111111111,BRISONr_155,NA,BRISONr_155,Superior e instável,FALSE,0.44585340316738953,-0.6737718153886573,-0.22791841222126774,108
BRISONr_41,0.13597608017580792,0.30138275503616374,45,1,1.2939998576642744,0.9334235887816367,0.35555555555555557,0.08888888888888889,BRISONr_41,NA,BRISONr_41,Superior e instável,FALSE,0.4224754874687284,-0.651260525384894,-0.2287850379161656,109
BRISONr_150,-0.25437116730324233,0.29366724740080885,45,1,0.9812079668975191,0.7077919339618965,0.022222222222222223,0.4444444444444444,BRISONr_150,NA,BRISONr_150,Inferior e estável,FALSE,-0.7747540534513169,0.5424801909568544,-0.23227386249446247,110
BRISONr_66,0.12380699631898305,0.2618927919829189,45,1,1.2867907320579774,0.9282233039009615,0.24444444444444444,0.1111111111111111,BRISONr_66,NA,BRISONr_66,Superior e instável,FALSE,0.38515183071588827,-0.6237475782162097,-0.23859574750032148,111
BRISONr_57,0.14571106781340618,0.4495569588957493,45,1,1.3049271123976458,0.9413059368888194,0.4222222222222222,0.15555555555555556,BRISONr_57,NA,BRISONr_57,Superior e instável,FALSE,0.45233355577968676,-0.6929633612899032,-0.24062980551021645,112
BRISONr_56,0.1674314917509006,0.3147730143899679,45,1,1.3231141655735699,0.9544251226014641,0.3111111111111111,0.1111111111111111,BRISONr_56,NA,BRISONr_56,Superior e instável,FALSE,0.5189520175396121,-0.7623725324584815,-0.2434205149188694,113
BRISONr_105,0.03241133643350521,0.25485212367448645,45,1,1.2225358760941498,0.8818732228749371,0.1111111111111111,0.1111111111111111,BRISONr_105,NA,BRISONr_105,Inferior e instável,FALSE,0.10483325633514326,-0.3785249875708134,-0.27369173123567014,114
BRISONr_79,0.10756169668931943,0.2719351752252068,45,1,1.283258024286105,0.9256749939092663,0.2222222222222222,0.08888888888888889,BRISONr_79,NA,BRISONr_79,Superior e instável,FALSE,0.33532605957662953,-0.61026533257396,-0.27493927299733045,115
BRISONr_202,0.12043199721182649,0.4284339262502281,45,1,1.2939998576642744,0.9334235887816367,0.26666666666666666,0.08888888888888889,BRISONr_202,NA,BRISONr_202,Superior e instável,FALSE,0.3748004098777447,-0.651260525384894,-0.2764601155071493,116
BRISONr_193,0.025500752453415546,0.26640941907376736,45,1,1.2189766825023505,0.8793058074027108,0.15555555555555556,0.08888888888888889,BRISONr_193,NA,BRISONr_193,Inferior e instável,FALSE,0.08363788390865728,-0.36494166129768557,-0.2813037773890283,117
BRISONr_159,-0.23525476665527417,0.24596593334913255,45,1,1.010525350663527,0.7289399560474256,0.022222222222222223,0.5111111111111111,BRISONr_159,NA,BRISONr_159,Inferior e estável,FALSE,-0.7161223614908429,0.4305931640511693,-0.28552919743967353,118
BRISONr_93,0.061589388897151036,0.2802335899086467,45,1,1.2499130695694007,0.9016216935050382,0.2,0.08888888888888889,BRISONr_93,NA,BRISONr_93,Inferior e instável,FALSE,0.19432492453978847,-0.4830074614305423,-0.28868253689075385,119
BRISONr_179,0.11487013546232297,0.28824824814034133,45,1,1.2939998576642744,0.9334235887816367,0.26666666666666666,0.08888888888888889,BRISONr_179,NA,BRISONr_179,Superior e instável,FALSE,0.35774168785005517,-0.651260525384894,-0.2935188375348388,120
BRISONr_18,0.11671995615470747,0.3376530496859036,45,1,1.2970710925907123,0.935639016480525,0.3111111111111111,0.08888888888888889,BRISONr_18,NA,BRISONr_18,Superior e instável,FALSE,0.3634152515619314,-0.6629816034862234,-0.299566351924292,121
BRISONr_38,0.08159349827954511,0.3260994102708631,45,1,1.2709857536082898,0.9168224218856008,0.13333333333333333,0.15555555555555556,BRISONr_38,NA,BRISONr_38,Superior e instável,FALSE,0.25567929772179326,-0.5634293703175113,-0.307750072595718,122
BRISONr_15,0.12257511919776586,0.2861499683963539,45,1,1.3048400678132839,0.9412431474937217,0.28888888888888886,0.1111111111111111,BRISONr_15,NA,BRISONr_15,Superior e instável,FALSE,0.3813735546044782,-0.6926311638527023,-0.3112576092482241,123
BRISONr_212,-0.5659084416115829,0.40167776407657824,44,0.9777777777777777,0.7519304663146794,0.5424031774227569,0.045454545454545456,0.7727272727272727,BRISONr_212,NA,BRISONr_212,Inferior e estável,FALSE,-1.7302664345644296,1.417496122846526,-0.3127703117179037,124
BRISONr_121,0.10458058933612319,0.3015395968261106,45,1,1.2922333886497555,0.9321493507380714,0.17777777777777778,0.13333333333333333,BRISONr_121,NA,BRISONr_121,Superior e instável,FALSE,0.3261827395943564,-0.6445189631864038,-0.3183362235920474,125
BRISONr_190,-0.6342241033603099,0.45813154309820786,45,1,0.6994078215740921,0.5045160978719478,0.044444444444444446,0.8,BRISONr_190,NA,BRISONr_190,Inferior e estável,FALSE,-1.9397966128384985,1.6179438371497885,-0.32185277568870996,126
BRISONr_115,0.12140341525807365,0.34017285305803513,45,1,1.3087170628955584,0.944039808283096,0.24444444444444444,0.1111111111111111,BRISONr_115,NA,BRISONr_115,Superior e instável,FALSE,0.3777798349641541,-0.707427349506438,-0.3296475145422839,127
BRISONr_135,-0.17497248668943494,0.28432522664722437,45,1,1.0707755932128136,0.7724013191165321,0.022222222222222223,0.35555555555555557,BRISONr_135,NA,BRISONr_135,Inferior e estável,FALSE,-0.5312312758351441,0.20065380237448932,-0.33057747346065475,128
BRISONr_1,0.055775342270574235,0.2677632531750449,45,1,1.2581347775096645,0.9075524021415662,0.13333333333333333,0.15555555555555556,BRISONr_1,NA,BRISONr_1,Inferior e instável,FALSE,0.17649272918404213,-0.5143848334656816,-0.3378921042816395,129
BRISONr_156,0.13569556033280197,0.41019180419489887,45,1,1.3229764481529522,0.9543257804815796,0.28888888888888886,0.15555555555555556,BRISONr_156,NA,BRISONr_156,Superior e instável,FALSE,0.4216151082934429,-0.7618469469263957,-0.34023183863295275,130
BRISONr_11,0.11436068899189465,0.5348650009328014,45,1,1.3087170628955584,0.944039808283096,0.37777777777777777,0.1111111111111111,BRISONr_11,NA,BRISONr_11,Superior e instável,FALSE,0.35617917045598296,-0.707427349506438,-0.3512481790504551,131
BRISONr_22,0.09278185913542937,0.3327344912411134,45,1,1.2919173458074766,0.9319213740174394,0.24444444444444444,0.08888888888888889,BRISONr_22,NA,BRISONr_22,Superior e instável,FALSE,0.2899949902689964,-0.6433128155205813,-0.3533178252515849,132
BRISONr_147,0.09084567564800146,0.29817087764706635,45,1,1.2904347649767252,0.9308519180113182,0.24444444444444444,0.08888888888888889,BRISONr_147,NA,BRISONr_147,Superior e instável,FALSE,0.2840565442244532,-0.6376546857698465,-0.3535981415453933,133
BRISONr_120,-0.3104730400527912,0.3028980258587092,45,1,0.9709757364418463,0.7004109398940804,0.044444444444444446,0.5555555555555556,BRISONr_120,NA,BRISONr_120,Inferior e estável,FALSE,-0.9468234603460126,0.5815305323323507,-0.36529292801366187,134
BRISONr_69,0.021249890476099476,0.2527351860567729,45,1,1.2387811634184482,0.893591720605228,0.08888888888888889,0.15555555555555556,BRISONr_69,NA,BRISONr_69,Inferior e instável,FALSE,0.07060011416265764,-0.44052359271414954,-0.3699234785514919,135
BRISONr_138,0.11491563709750663,0.35614845895789604,45,1,1.3170059007180985,0.9500189408937516,0.28888888888888886,0.13333333333333333,BRISONr_138,NA,BRISONr_138,Superior e instável,FALSE,0.35788124539056265,-0.739060916398675,-0.38117967100811234,136
BRISONr_112,0.14112759691948853,0.41344534038730624,45,1,1.3397942802855756,0.9664572819896989,0.3333333333333333,0.13333333333333333,BRISONr_112,NA,BRISONr_112,Superior e instável,FALSE,0.4382756450615129,-0.826030615269267,-0.3877549702077541,137
BRISONr_196,-1.3904005725460906,0.6406026601952722,43,0.9555555555555556,0.11045304667259806,0.07967503134281723,0,0.9767441860465116,BRISONr_196,NA,BRISONr_196,Inferior e estável,FALSE,-4.259056740595441,3.865634124645331,-0.3934226159501102,138
BRISONr_110,-0.20171234081967931,0.27356484440149187,45,1,1.0659600211050013,0.7689276181170401,0,0.4222222222222222,BRISONr_110,NA,BRISONr_110,Inferior e estável,FALSE,-0.6132447740508311,0.21903197862286822,-0.3942127954279629,139
BRISONr_50,0.08008957362641245,0.3028840960140497,45,1,1.2939998576642744,0.9334235887816367,0.26666666666666666,0.08888888888888889,BRISONr_50,NA,BRISONr_50,Inferior e instável,FALSE,0.2510666277627333,-0.651260525384894,-0.4001938976221607,140
BRISONr_139,-0.2835102721441488,0.2916884835688858,45,1,1.0043949075985639,0.7245177761432884,0.022222222222222223,0.5777777777777777,BRISONr_139,NA,BRISONr_139,Inferior e estável,FALSE,-0.8641262658514359,0.45398942115336627,-0.41013684469806966,141
BRISONr_158,0.12477267821038399,0.4229351886255553,45,1,1.3377257466092165,0.9649651503513014,0.35555555555555557,0.15555555555555556,BRISONr_158,NA,BRISONr_158,Superior e instável,FALSE,0.3881136625079232,-0.8181362518107357,-0.4300225893028125,142
BRISONr_203,-0.42156839328948426,0.3293779132989515,45,1,0.904285827008438,0.6523043390856242,0.022222222222222223,0.6666666666666666,BRISONr_203,NA,BRISONr_203,Inferior e estável,FALSE,-1.2875627370103233,0.8360462746191855,-0.45151646239113785,143
BRISONr_169,-0.24486334690681194,0.28511494649782015,45,1,1.0509102142926898,0.7580714772898107,0.022222222222222223,0.4666666666666667,BRISONr_169,NA,BRISONr_169,Inferior e estável,FALSE,-0.7455927271658548,0.2764681452731424,-0.4691245818927124,144
BRISONr_27,-0.029284486663539794,0.29517636845789075,45,1,1.2282625659134265,0.886004156376427,0.08888888888888889,0.15555555555555556,BRISONr_27,NA,BRISONr_27,Inferior e instável,FALSE,-0.08439329115607161,-0.4003803585344683,-0.48477364969053993,145
BRISONr_177,0.11469467571708836,0.4243995322504179,45,1,1.3486110089511913,0.9728172073510726,0.28888888888888886,0.15555555555555556,BRISONr_177,NA,BRISONr_177,Superior e instável,FALSE,0.35720353728900006,-0.85967882771903,-0.50247529043003,146
BRISONr_102,0.05083754103670175,0.2832141007682996,45,1,1.2973600023992549,0.9358474208545494,0.26666666666666666,0.1111111111111111,BRISONr_102,NA,BRISONr_102,Inferior e instável,FALSE,0.1613480559666375,-0.6640842004907764,-0.502736144524139,147
BRISONr_153,-0.1818166193693052,0.2578714798392329,45,1,1.110614375734428,0.8011389261060257,0.044444444444444446,0.4222222222222222,BRISONr_153,NA,BRISONr_153,Inferior e estável,FALSE,-0.5522228362451012,0.04861285058076793,-0.5036099856643332,148
BRISONr_72,0.0808965248905396,0.3098836027227012,45,1,1.3250046162194216,0.9557887944873719,0.17777777777777778,0.17777777777777778,BRISONr_72,NA,BRISONr_72,Superior e instável,FALSE,0.25354161867847597,-0.769587258846227,-0.5160456401677511,149
BRISONr_213,0.10152246460173979,0.30946255820359675,45,1,1.3430940258939212,0.9688375453023766,0.28888888888888886,0.13333333333333333,BRISONr_213,NA,BRISONr_213,Superior e instável,FALSE,0.3168032004904754,-0.8386237828114185,-0.5218205823209431,150
BRISONr_181,-0.0072612182856071975,0.3130970580463651,45,1,1.257623463487866,0.9071835670397733,0.08888888888888889,0.17777777777777778,BRISONr_181,NA,BRISONr_181,Inferior e instável,FALSE,-0.01684597870554308,-0.5124334517813256,-0.5292794304868687,151
BRISONr_209,-0.498992761744152,0.4197452338914141,42,0.9333333333333333,0.863325877053891,0.6227579807483817,0.023809523809523808,0.6904761904761905,BRISONr_209,NA,BRISONr_209,Inferior e estável,FALSE,-1.525030124572679,0.9923660560566263,-0.5326640685160526,152
BRISONr_134,0.09719548840497332,0.3431717574477473,45,1,1.3458516764194788,0.9708267696712399,0.24444444444444444,0.15555555555555556,BRISONr_134,NA,BRISONr_134,Superior e instável,FALSE,0.3035319816998146,-0.8491480956563888,-0.5456161139565743,153
BRISONr_149,0.007543469786058528,0.30662554520866037,45,1,1.2739646198420633,0.9189712196570692,0.17777777777777778,0.1111111111111111,BRISONr_149,NA,BRISONr_149,Inferior e instável,FALSE,0.028561309338562053,-0.574797932025023,-0.546236622686461,154
BRISONr_24,0.08837093481272126,0.4106880109571544,45,1,1.3410618591213772,0.9673716468398723,0.2,0.17777777777777778,BRISONr_24,NA,BRISONr_24,Superior e instável,FALSE,0.2764662951494226,-0.8308682102074227,-0.5544019150580002,155
BRISONr_157,0.013621165113826496,0.3042984413027464,45,1,1.287875331648095,0.9290056771259679,0.15555555555555556,0.13333333333333333,BRISONr_157,NA,BRISONr_157,Inferior e instável,FALSE,0.04720213858510636,-0.627886850140674,-0.5806847115555677,156
BRISONr_165,-0.21716346842080397,0.296083808253963,45,1,1.105927335005032,0.7977579408976535,0.044444444444444446,0.4666666666666667,BRISONr_165,NA,BRISONr_165,Inferior e estável,FALSE,-0.6606347493204385,0.06650049895974852,-0.59413425036069,157
BRISONr_219,-0.03247259737550915,0.34619789519905636,45,1,1.255904393540193,0.9059435201955488,0.06666666666666667,0.24444444444444444,BRISONr_219,NA,BRISONr_219,Inferior e instável,FALSE,-0.0941715087526955,-0.5058727836458881,-0.6000442923985836,158
BRISONr_31,0.06683966126899187,0.3178913316183683,45,1,1.3377257466092165,0.9649651503513014,0.2,0.15555555555555556,BRISONr_31,NA,BRISONr_31,Inferior e instável,FALSE,0.21042797438076766,-0.8181362518107357,-0.607708277429968,159
BRISONr_119,0.07587127738178179,0.34313232624647083,45,1,1.349087981264605,0.9731612701466743,0.2,0.17777777777777778,BRISONr_119,NA,BRISONr_119,Inferior e instável,FALSE,0.2381287399998768,-0.8614991475159853,-0.6233704075161085,160
BRISONr_136,0.07870499083106369,0.45656992293887144,45,1,1.3557877496418116,0.9779941314531245,0.24444444444444444,0.15555555555555556,BRISONr_136,NA,BRISONr_136,Inferior e instável,FALSE,0.24681998983932857,-0.8870681809149172,-0.6402481910755886,161
BRISONr_137,-0.2679791756991352,0.3792914605181682,45,1,1.0801759580241173,0.77918224896443955,0.022222222222222223,0.4444444444444444,BRISONr_137,NA,BRISONr_137,Inferior e estável,FALSE,-0.8164910190630068,0.1647781976834227,-0.6517128213795841,162
BRISONr_92,0.05352593093863238,0.2638803778807334,45,1,1.3397942802855756,0.9664572819896989,0.26666666666666666,0.13333333333333333,BRISONr_92,NA,BRISONr_92,Inferior e instável,FALSE,0.16959358563000534,-0.826030615269267,-0.6564370296392616,163
BRISONr_189,0.07319473109239696,0.3651921111432753,45,1,1.3593528423293608,0.9805658022234429,0.28888888888888886,0.15555555555555556,BRISONr_189,NA,BRISONr_189,Inferior e instável,FALSE,0.2299195357439574,-0.9006740205299641,-0.6707544847860067,164
BRISONr_184,-0.37102156013833376,0.34328024843628197,41,0.9111111111111111,1.0061114311469912,0.725755986148731,0.024390243902439025,0.5609756097560976,BRISONr_184,NA,BRISONr_184,Inferior e estável,FALSE,-1.1325311280023416,0.4474384711102107,-0.685092656892131,165
BRISONr_86,-0.12918006957611775,0.33499513591228064,45,1,1.2055108317022238,0.8695922493173641,0.044444444444444446,0.28888888888888886,BRISONr_86,NA,BRISONr_86,Inferior e estável,FALSE,-0.39078188142475223,-0.3135505132059309,-0.7043323946306832,166
BRISONr_178,0.057609186532686076,0.365839202113591,45,1,1.3558111575776415,0.9780110167095942,0.24444444444444444,0.2,BRISONr_178,NA,BRISONr_178,Inferior e instável,FALSE,0.1821172917708831,-0.8871575150917633,-0.7050402233208802,167
BRISONr_52,-0.05809258710864861,0.349572758224653,45,1,1.2640792194559862,0.9118404105999716,0.1111111111111111,0.26666666666666666,BRISONr_52,NA,BRISONr_52,Inferior e instável,FALSE,-0.17275028379126944,-0.5370712348613802,-0.7098215186526496,168
BRISONr_97,-0.16112210820213266,0.2596170928017538,45,1,1.1839344088183352,0.8540281501700094,0.044444444444444446,0.3111111111111111,BRISONr_97,NA,BRISONr_97,Inferior e estável,FALSE,-0.4887509397113144,-0.2312061325815874,-0.7199570722929018,169
BRISONr_16,-0.24675606531282207,0.3618700371195692,45,1,1.115554997985569,0.804702831716339,0.044444444444444446,0.5333333333333333,BRISONr_16,NA,BRISONr_16,Inferior e estável,FALSE,-0.7513978619604585,0.029757432267992816,-0.7216404296924658,170
BRISONr_191,-0.28384357855289166,0.368753829940088,45,1,1.086048565422559,0.7834184397498494,0.044444444444444446,0.5555555555555556,BRISONr_191,NA,BRISONr_191,Inferior e estável,FALSE,-0.8651485460937126,0.14236594605687028,-0.7227826000368424,171
BRISONr_197,0.05825671362042321,0.4904411218179568,43,0.9555555555555556,1.361278107820875,0.9819545877119441,0.3488372093023256,0.20930232558139536,BRISONr_197,NA,BRISONr_197,Inferior e instável,FALSE,0.18410331463383778,-0.9080216144888565,-0.7239182998550188,172
BRISONr_144,-0.22106333278591347,0.3318609151372526,45,1,1.1375984137085073,0.8206037949902075,0.044444444444444446,0.4222222222222222,BRISONr_144,NA,BRISONr_144,Inferior e estável,FALSE,-0.6725959783380483,-0.05436918243168768,-0.7269651607697359,173
BRISONr_207,0.07589011344598012,0.36872878522825153,45,1,1.3774382532977856,0.9936116685817356,0.26666666666666666,0.24444444444444444,BRISONr_207,NA,BRISONr_207,Inferior e instável,FALSE,0.2381865118751457,-0.9696952838109906,-0.7315087719358448,174
BRISONr_34,0.06888739457127761,0.43434436685567995,45,1,1.371850166702852,0.9895807161724511,0.3111111111111111,0.2,BRISONr_34,NA,BRISONr_34,Inferior e instável,FALSE,0.21670855357597213,-0.9483688789656999,-0.7316603253897278,175
BRISONr_73,-0.12230666143659698,0.33400787500362766,45,1,1.2215548191012064,0.8811655398456627,0.06666666666666667,0.28888888888888886,BRISONr_73,NA,BRISONr_73,Inferior e instável,FALSE,-0.3697005305901311,-0.3747808761916552,-0.7444814067817862,176
BRISONr_164,-0.24710785739526564,0.3231460661464267,45,1,1.1230949749502237,0.8101417754040012,0.044444444444444446,0.4888888888888889,BRISONr_164,NA,BRISONr_164,Inferior e estável,FALSE,-0.7524768393993498,9.818221301361927e-4,-0.7514950172692136,177
BRISONr_215,0.06326668519225,0.3494178281325458,45,1,1.3774382532977856,0.9936116685817356,0.24444444444444444,0.2,BRISONr_215,NA,BRISONr_215,Inferior e instável,FALSE,0.19946934066245112,-0.9696952838109906,-0.7702259431485394,178
BRISONr_188,-0.09203190326560866,0.34712611640680174,45,1,1.2541620042973882,0.9046866520356024,0.08888888888888889,0.2222222222222222,BRISONr_188,NA,BRISONr_188,Inferior e instável,FALSE,-0.276845168958657,-0.49922311962245913,-0.7760682885811161,179
BRISONr_130,-0.06178396350546794,0.3015288270310978,45,1,1.2825417973299897,0.9251583453703971,0.1111111111111111,0.26666666666666666,BRISONr_130,NA,BRISONr_130,Inferior e instável,FALSE,-0.1840720617658004,-0.6075319200242918,-0.7916039817900922,180
BRISONr_161,-0.10187938502002017,0.31307516422037585,45,1,1.251228243357361,0.9025703908559368,0.1111111111111111,0.24444444444444444,BRISONr_161,NA,BRISONr_161,Inferior e instável,FALSE,-0.30704826667791363,-0.4880266980095499,-0.7950749646874635,181
BRISONr_173,-0.3362107703308088,0.43444020765540653,45,1,1.068017942687256,0.7704120947476687,0.022222222222222223,0.5333333333333333,BRISONr_173,NA,BRISONr_173,Inferior e estável,FALSE,-1.0257633560518962,0.2111781152194603,-0.8145852408324359,182
BRISONr_176,-0.3163527985578107,0.4115217184696387,45,1,1.086103353655681,0.7834579611059616,0.022222222222222223,0.5333333333333333,BRISONr_176,NA,BRISONr_176,Inferior e estável,FALSE,-0.964857199846284,0.14215685193843267,-0.8227003479078514,183
BRISONr_200,-0.016993390065839196,0.4312844722559894,45,1,1.3274374776086308,0.9575437330180631,0.15555555555555556,0.17777777777777778,BRISONr_200,NA,BRISONr_200,Inferior e instável,FALSE,-0.04669541053284836,-0.7788720446199108,-0.8255674551527591,184
BRISONr_174,-0.30918387738967823,0.5556743585722327,45,1,1.101007273062789,0.7942088664151832,0.13333333333333333,0.5333333333333333,BRISONr_174,NA,BRISONr_174,Inferior e estável,FALSE,-0.9428694844097205,0.08527745079498228,-0.8575920336147382,185
BRISONr_7,0.009809990067741624,0.38909404502255446,45,1,1.35997324360658,0.9810133271464455,0.26666666666666666,0.2222222222222222,BRISONr_7,NA,BRISONr_7,Inferior e instável,FALSE,0.03551292755503496,-0.9030417234242797,-0.8675287958692447,186
BRISONr_217,0.016905173487222046,0.7165069738558677,44,0.9777777777777777,1.3679231610973162,0.9867479804161263,0.3181818181818182,0.2727272727272727,BRISONr_217,NA,BRISONr_217,Inferior e instável,FALSE,0.05727448279311554,-0.9333818328720849,-0.8761073500789693,187
BRISONr_195,-0.2812537380848808,0.3787247622924022,45,1,1.130368224781062,0.8153883161350497,0.044444444444444446,0.4666666666666667,BRISONr_195,NA,BRISONr_195,Inferior e estável,FALSE,-0.8572052762625626,-0.02677584908670415,-0.8839811253492668,188
BRISONr_218,0.022521145680845362,0.45939856700253723,45,1,1.3774382532977856,0.9936116685817356,0.24444444444444444,0.28888888888888886,BRISONr_218,NA,BRISONr_218,Inferior e instável,FALSE,0.07449916633991635,-0.9696952838109906,-0.8951961174710742,189
BRISONr_20,-0.17265374055726715,0.32464332076077274,45,1,1.221849075944871,0.8813778012902139,0.044444444444444446,0.37777777777777777,BRISONr_20,NA,BRISONr_20,Inferior e instável,FALSE,-0.5241194763149634,-0.37590387965086725,-0.9000233559658306,190
BRISONr_199,-0.4000879697302295,0.4784404830662211,42,0.9333333333333333,1.0399120416752654,0.7501379727428112,0.047619047619047616,0.5238095238095238,BRISONr_199,NA,BRISONr_199,Inferior e estável,FALSE,-1.2216803776426044,0.3184416325863557,-0.9032387450562487,191
BRISONr_111,-0.02653754878733035,0.30483216304524174,45,1,1.3458516764194788,0.9708267696712399,0.15555555555555556,0.24444444444444444,BRISONr_111,NA,BRISONr_111,Inferior e instável,FALSE,-0.07596818967601923,-0.8491480956563888,-0.9251162853324081,192
BRISONr_140,-0.0371409305210258,0.42004660371751706,45,1,1.3377257466092165,0.9649651503513014,0.2,0.35555555555555557,BRISONr_140,NA,BRISONr_140,Inferior e instável,FALSE,-0.10848969950404362,-0.8181362518107357,-0.9266259513147793,193
BRISONr_210,-0.4084402435075932,0.5018611052653955,42,0.9333333333333333,1.039418535067454,0.7497819829749436,0.09523809523809523,0.6190476190476191,BRISONr_210,NA,BRISONr_210,Inferior e estável,FALSE,-1.2472975402194928,0.3203250539566602,-0.9269724862628326,194
BRISONr_108,-0.18543727471942525,0.3894711884261554,45,1,1.2215548191012064,0.8811655398456627,0.06666666666666667,0.4444444444444444,BRISONr_108,NA,BRISONr_108,Inferior e instável,FALSE,-0.5633277065129172,-0.3747808761916552,-0.9381085827045723,195
BRISONr_114,-0.11402012739281508,0.3298585518693484,45,1,1.2809687974957915,0.9240236658403387,0.1111111111111111,0.3111111111111111,BRISONr_114,NA,BRISONr_114,Inferior e instável,FALSE,-0.344284997591944,-0.6015287146845428,-0.9458137122764868,196
BRISONr_2,-0.844895293696039,0.6328159371961869,45,1,0.6994078215740921,0.5045160978719478,0.044444444444444446,0.8,BRISONr_2,NA,BRISONr_2,Inferior e estável,FALSE,-2.5859437910743615,1.6179438371497885,-0.9679999539245729,197
BRISONr_28,-0.575228726411953,0.5274219027771211,45,1,0.9173156569241493,0.661703374587136,0.044444444444444446,0.6888888888888889,BRISONr_28,NA,BRISONr_28,Inferior e estável,FALSE,-1.7588525725860382,0.7863191590623724,-0.9725334135236658,198
BRISONr_117,-0.052930020283429635,0.3046050926029529,45,1,1.3379402791106856,0.9651199028392908,0.13333333333333333,0.28888888888888886,BRISONr_117,NA,BRISONr_117,Inferior e instável,FALSE,-0.15691623462083767,-0.8189549948457757,-0.9758712294666134,199
BRISONr_128,-0.13616824610822015,0.3688904879802783,45,1,1.2740648061026811,0.9190434887677484,0.17777777777777778,0.4666666666666667,BRISONr_128,NA,BRISONr_128,Inferior e instável,FALSE,-0.4122152370726519,-0.5751802834287769,-0.9873955205014289,200
BRISONr_13,-0.14135512457474994,0.38770613142506366,45,1,1.2739646198420633,0.9189712196570692,0.1111111111111111,0.4222222222222222,BRISONr_13,NA,BRISONr_13,Inferior e instável,FALSE,-0.4281238521977651,-0.574797932025023,-1.0029217842227882,201
BRISONr_186,-0.14642164012364015,0.34994090153033885,45,1,1.2727256000919012,0.918077455832508,0.13333333333333333,0.37777777777777777,BRISONr_186,NA,BRISONr_186,Inferior e instável,FALSE,-0.4436633036063155,-0.5700693301405738,-1.0137326337468893,202
BRISONr_103,-0.12904252269988065,0.3734405137533807,45,1,1.2867907320579774,0.9282233039009615,0.1111111111111111,0.4222222222222222,BRISONr_103,NA,BRISONr_103,Inferior e instável,FALSE,-0.3903600129869553,-0.6237475782162097,-1.014107591203165,203
BRISONr_198,-0.2283310863379018,0.44710147759302227,45,1,1.2112665501006208,0.8737441225124244,0.06666666666666667,0.4444444444444444,BRISONr_198,NA,BRISONr_198,Inferior e estável,FALSE,-0.6948868214393155,-0.3355166690008302,-1.0304034904401456,204
BRISONr_43,-0.1218628413456662,0.3182270407249951,45,1,1.2970710925907123,0.935639016480525,0.08888888888888889,0.3333333333333333,BRISONr_43,NA,BRISONr_43,Inferior e instável,FALSE,-0.3683392951077555,-0.6629816034862234,-1.0313208985939788,205
BRISONr_14,-0.022918899824764694,0.3973523214920399,45,1,1.3774382532977856,0.9936116685817356,0.2,0.28888888888888886,BRISONr_14,NA,BRISONr_14,Inferior e instável,FALSE,-0.06486947317633188,-0.9696952838109906,-1.0345647569873224,206
BRISONr_162,-0.17242956836268572,0.3064318327141702,45,1,1.257623463487866,0.9071835670397733,0.08888888888888889,0.37777777777777777,BRISONr_162,NA,BRISONr_162,Inferior e instável,FALSE,-0.5234319203623108,-0.5124334517813256,-1.0358653721436364,207
BRISONr_124,-0.07638413838973572,0.44133688419698636,45,1,1.3379402791106856,0.9651199028392908,0.13333333333333333,0.28888888888888886,BRISONr_124,NA,BRISONr_124,Inferior e instável,FALSE,-0.2288520897714607,-0.8189549948457757,-1.0478070846172365,208
BRISONr_40,-0.048292863637540415,0.42840392756134466,45,1,1.3624474851916286,0.982798115178801,0.2,0.3333333333333333,BRISONr_40,NA,BRISONr_40,Inferior e instável,FALSE,-0.14269366495194244,-0.9124844328081396,-1.055178097760082,209
BRISONr_185,-0.12242630925954924,0.37071149398755043,42,0.9333333333333333,1.3040227205006245,0.9406535560363929,0.09523809523809523,0.3333333333333333,BRISONr_185,NA,BRISONr_185,Inferior e instável,FALSE,-0.37006750104802555,-0.6895118350103774,-1.059579336058403,210
BRISONr_59,-0.16883415483580272,0.42421046288573067,45,1,1.2690045562069894,0.9153932900526617,0.1111111111111111,0.37777777777777777,BRISONr_59,NA,BRISONr_59,Inferior e instável,FALSE,-0.5124044689994345,-0.5558683175061825,-1.068272786505617,211
BRISONr_30,-0.07787318183658376,0.32328535330972746,45,1,1.3430940258939212,0.9688375453023766,0.13333333333333333,0.3111111111111111,BRISONr_30,NA,BRISONr_30,Inferior e instável,FALSE,-0.23341911775434807,-0.8386237828114185,-1.0720429005657666,212
BRISONr_4,-0.12535675431322318,0.3956542224791227,45,1,1.3067176317175129,0.9425975235605134,0.13333333333333333,0.37777777777777777,BRISONr_4,NA,BRISONr_4,Inferior e instável,FALSE,-0.3790554352757154,-0.6997967092078506,-1.078852144483566,213
BRISONr_194,-0.6823093225091691,0.7072249489850453,45,1,0.8672635253025811,0.625598393548957,0.06666666666666667,0.7333333333333333,BRISONr_194,NA,BRISONr_194,Inferior e estável,FALSE,-2.08727823392952,0.9773383933203235,-1.1099398406091967,214
BRISONr_220,-0.2156015306240617,0.46783008672917875,45,1,1.2469767658701798,0.8995035981123333,0.13333333333333333,0.4,BRISONr_220,NA,BRISONr_220,Inferior e instável,FALSE,-0.6558441479176714,-0.47180133561726606,-1.1276454835349374,215
BRISONr_168,-0.26611832412703346,0.3748279898510186,45,1,1.2105578441774711,0.8732328992520361,0.06666666666666667,0.4666666666666667,BRISONr_168,NA,BRISONr_168,Inferior e estável,FALSE,-0.8107836226671675,-0.33281195976331623,-1.1435955824304838,216
BRISONr_98,-0.12794134757431969,0.3658870927136156,45,1,1.3377257466092165,0.9649651503513014,0.15555555555555556,0.35555555555555557,BRISONr_98,NA,BRISONr_98,Inferior e instável,FALSE,-0.3869826114590537,-0.8181362518107357,-1.2051188632697893,217
BRISONr_182,-0.21564143460988378,0.44113046320923244,43,0.9555555555555556,1.2719072344217337,0.9174871297855157,0.16279069767441862,0.4186046511627907,BRISONr_182,NA,BRISONr_182,Inferior e instável,FALSE,-0.6559665369723789,-0.5669461148329755,-1.2229126518053546,218
BRISONr_78,-0.23462804073094684,0.41156337874356513,45,1,1.2690045562069894,0.9153932900526617,0.1111111111111111,0.37777777777777777,BRISONr_78,NA,BRISONr_78,Inferior e instável,FALSE,-0.7142001376362853,-0.5558683175061825,-1.270068455142468,219
BRISONr_171,-0.3348207717060816,0.5821150335513567,45,1,1.201960560816943,0.8670312702173605,0.08888888888888889,0.5111111111111111,BRISONr_171,NA,BRISONr_171,Inferior e estável,FALSE,-1.0215001073006649,-0.3000012395997209,-1.3215013469003858,220
