Marker,Chromosome,Position,MI,Rank,Top
Pv2.1_01_13548264_C/T,Chr01,13548264,0.0968630935610815,1,TRUE
Pv2.1_07_29104195_G/T,Chr07,29104195,0.088174480582305,2,TRUE
Pv2.1_01_14868068_A/G,Chr01,14868068,0.0869399699379345,3,TRUE
Pv2.1_01_13548191_G/A,Chr01,13548191,0.0863604689500006,4,TRUE
Pv2.1_01_13548120_C/T,Chr01,13548120,0.0846402204022856,5,TRUE
Pv2.1_01_13548222_C/T,Chr01,13548222,0.0834513572763536,6,TRUE
Pv2.1_02_30075123_A/C,Chr02,30075123,0.08091122069552,7,TRUE
Pv2.1_01_12576431_A/C,Chr01,12576431,0.0808350511594136,8,TRUE
Pv2.1_07_28996921_G/A,Chr07,28996921,0.0806130508580716,9,TRUE
Pv2.1_01_13065330_A/C,Chr01,13065330,0.0802739616093202,10,TRUE
Pv2.1_01_11555592_C/A,Chr01,11555592,0.0797359612986717,11,TRUE
Pv2.1_02_29140681_C/T,Chr02,29140681,0.0778666206239533,12,TRUE
Pv2.1_07_29259414_A/C,Chr07,29259414,0.0778003579182096,13,TRUE
Pv2.1_01_12576395_G/A,Chr01,12576395,0.0776702034791845,14,TRUE
Pv2.1_07_29259343_T/G,Chr07,29259343,0.0770528990959418,15,TRUE
Pv2.1_01_11547712_A/T,Chr01,11547712,0.0767251736092982,16,TRUE
Pv2.1_01_11547743_A/C,Chr01,11547743,0.0767232688233586,17,TRUE
Pv2.1_01_11238077_T/A,Chr01,11238077,0.0766418718358639,18,TRUE
Pv2.1_01_11238110_A/T,Chr01,11238110,0.0763984797914104,19,TRUE
Pv2.1_02_28089561_A/G,Chr02,28089561,0.0762370684598257,20,TRUE
Pv2.1_01_13959125_T/A,Chr01,13959125,0.0760247655300685,21,TRUE
Pv2.1_01_15329383_C/A,Chr01,15329383,0.0760008887007548,22,TRUE
Pv2.1_02_28629788_G/A,Chr02,28629788,0.0758529461022008,23,TRUE
Pv2.1_07_28996934_T/C,Chr07,28996934,0.0757368352079966,24,TRUE
Pv2.1_01_11547744_A/C,Chr01,11547744,0.075447153872946,25,TRUE
Pv2.1_01_14694391_T/G,Chr01,14694391,0.075347307943475,26,TRUE
Pv2.1_01_12576963_C/T,Chr01,12576963,0.0751791265463906,27,TRUE
Pv2.1_01_10634303_T/A,Chr01,10634303,0.0745274734075809,28,TRUE
Pv2.1_01_11091921_C/G,Chr01,11091921,0.0744860264443386,29,TRUE
Pv2.1_02_27544389_G/A,Chr02,27544389,0.0744375016031471,30,TRUE
Pv2.1_02_30075097_G/T,Chr02,30075097,0.0741778927142307,31,TRUE
Pv2.1_02_27632163_G/C,Chr02,27632163,0.0738952087097458,32,TRUE
Pv2.1_01_16655949_C/A,Chr01,16655949,0.0736998117141949,33,TRUE
Pv2.1_01_11441607_A/T,Chr01,11441607,0.073644746225336,34,TRUE
Pv2.1_01_11441608_A/C,Chr01,11441608,0.073644746225336,35,TRUE
Pv2.1_01_17425664_C/T,Chr01,17425664,0.0735722559306318,36,TRUE
Pv2.1_01_14227492_T/C,Chr01,14227492,0.0735073221341396,37,TRUE
Pv2.1_04_3957279_C/G,Chr04,3957279,0.0728678148845239,38,TRUE
Pv2.1_04_3957280_T/A,Chr04,3957280,0.0728678148845239,39,TRUE
Pv2.1_04_3957297_G/T,Chr04,3957297,0.0728678148845239,40,TRUE
Pv2.1_01_14981879_T/G,Chr01,14981879,0.0725102876356787,41,TRUE
Pv2.1_01_10634328_T/A,Chr01,10634328,0.0721061559306579,42,TRUE
Pv2.1_01_12576284_T/C,Chr01,12576284,0.0720053608822235,43,TRUE
Pv2.1_01_12044504_G/A,Chr01,12044504,0.0717636980144727,44,TRUE
Pv2.1_01_10634933_T/A,Chr01,10634933,0.0716808709310248,45,TRUE
Pv2.1_02_27544393_A/G,Chr02,27544393,0.0714501356414181,46,TRUE
Pv2.1_02_28132776_G/C,Chr02,28132776,0.071396991439582,47,TRUE
Pv2.1_02_28134513_C/T,Chr02,28134513,0.0710324514538288,48,TRUE
Pv2.1_01_17718413_AAG/A,Chr01,17718413,0.0706643939135225,49,TRUE
Pv2.1_02_27806190_T/C,Chr02,27806190,0.0705258146679109,50,TRUE
Pv2.1_02_27539328_G/T,Chr02,27539328,0.0703800727875477,51,TRUE
Pv2.1_01_16859559_A/T,Chr01,16859559,0.0698329539280138,52,TRUE
Pv2.1_02_28491346_C/T,Chr02,28491346,0.0683505365853008,53,TRUE
Pv2.1_07_7466186_T/C,Chr07,7466186,0.0683161482516614,54,TRUE
Pv2.1_07_29142414_A/T,Chr07,29142414,0.0682097794822614,55,TRUE
Pv2.1_07_29104517_T/A,Chr07,29104517,0.0679734169122681,56,TRUE
Pv2.1_02_27669970_G/T,Chr02,27669970,0.0675863950506459,57,TRUE
Pv2.1_06_19838770_G/T,Chr06,19838770,0.0675758808255194,58,TRUE
Pv2.1_02_27679064_A/G,Chr02,27679064,0.0673392252122342,59,TRUE
Pv2.1_07_6676000_GC/G,Chr07,6676000,0.0673086857692882,60,TRUE
Pv2.1_02_29213245_G/C,Chr02,29213245,0.0671713631673216,61,TRUE
Pv2.1_01_15329470_G/C,Chr01,15329470,0.0671634262283072,62,TRUE
Pv2.1_02_28320567_G/C,Chr02,28320567,0.0670311917813415,63,TRUE
Pv2.1_02_27727283_G/A,Chr02,27727283,0.0667238506670049,64,TRUE
Pv2.1_02_28324161_C/G,Chr02,28324161,0.0664855358549303,65,TRUE
Pv2.1_02_28092010_G/A,Chr02,28092010,0.0664572613626322,66,TRUE
Pv2.1_02_28355923_C/G,Chr02,28355923,0.066242477647747,67,TRUE
Pv2.1_02_28238631_G/A,Chr02,28238631,0.0661514774945111,68,TRUE
Pv2.1_02_27684272_G/T,Chr02,27684272,0.0659391018256956,69,TRUE
Pv2.1_01_14131002_T/C,Chr01,14131002,0.065673833002057,70,TRUE
Pv2.1_02_27679056_C/T,Chr02,27679056,0.0656732782932679,71,TRUE
Pv2.1_02_30011596_T/G,Chr02,30011596,0.0655875087589131,72,TRUE
Pv2.1_02_28079417_C/A,Chr02,28079417,0.0654186564759267,73,TRUE
Pv2.1_02_27701263_C/T,Chr02,27701263,0.0652984909978214,74,TRUE
Pv2.1_02_27679047_G/T,Chr02,27679047,0.065276009108195,75,TRUE
Pv2.1_01_11294786_C/T,Chr01,11294786,0.0651389545582162,76,TRUE
Pv2.1_01_38604403_C/G,Chr01,38604403,0.0650707380206432,77,TRUE
Pv2.1_04_22623628_A/G,Chr04,22623628,0.0649453856453142,78,TRUE
Pv2.1_09_37752663_G/T,Chr09,37752663,0.0648555173658787,79,TRUE
Pv2.1_01_38604395_C/A,Chr01,38604395,0.0648234518297191,80,TRUE
Pv2.1_02_28595345_G/A,Chr02,28595345,0.0648229194096519,81,TRUE
Pv2.1_01_17265165_G/A,Chr01,17265165,0.0647178662777255,82,TRUE
Pv2.1_07_6697793_G/A,Chr07,6697793,0.064635414479699,83,TRUE
Pv2.1_07_30346959_G/A,Chr07,30346959,0.0644936702272476,84,TRUE
Pv2.1_08_13808064_G/A,Chr08,13808064,0.0643578585337363,85,TRUE
Pv2.1_04_3975303_T/G,Chr04,3975303,0.0643180545234778,86,TRUE
Pv2.1_02_27981435_CA/C,Chr02,27981435,0.0641992277076753,87,TRUE
Pv2.1_08_62139107_C/T,Chr08,62139107,0.0641969965625284,88,TRUE
Pv2.1_01_17423994_C/T,Chr01,17423994,0.0641564089342275,89,TRUE
Pv2.1_07_6675983_C/G,Chr07,6675983,0.0640615983449462,90,TRUE
Pv2.1_02_27806316_T/C,Chr02,27806316,0.0640361311304498,91,TRUE
Pv2.1_02_28264297_A/G,Chr02,28264297,0.0639582886567442,92,TRUE
Pv2.1_02_28264316_T/G,Chr02,28264316,0.0639582886567442,93,TRUE
Pv2.1_02_28079401_C/T,Chr02,28079401,0.0639001502787684,94,TRUE
Pv2.1_02_27740307_C/T,Chr02,27740307,0.0638091392518225,95,TRUE
Pv2.1_02_28079416_T/C,Chr02,28079416,0.0636995846381163,96,TRUE
Pv2.1_07_5772640_G/C,Chr07,5772640,0.0636336662587689,97,TRUE
Pv2.1_02_27592702_A/T,Chr02,27592702,0.0634889642906416,98,TRUE
Pv2.1_01_13119616_C/T,Chr01,13119616,0.0634557654600072,99,TRUE
Pv2.1_07_6753484_T/C,Chr07,6753484,0.0634447364374013,100,TRUE
